player_id,uniform_number,name,team,position,birth_day,height,weight,school
50105,100,강민,LG,투수,2001-04-20,188,88,수유초-홍은중-서울고
53103,117,강민균,LG,내야수,2000-07-17,178,81,강남초-서울이수중-덕수고-홍익대
55116,116,고영웅,LG,투수,2004-07-29,180,90,태전초(경기광주시리틀)-모가중-야로고BC-동원대
53104,124,곽민호,LG,내야수,2004-12-23,184,90,역삼초-자양중-배명고
69100,6,구본혁,LG,내야수,1997-01-11,177,75,중대초-잠신중-장충고-동국대-LG-상무
53168,132,권동혁,LG,외야수,2003-03-20,194,97,(천안유소년리틀)-온양중-라온고
77263,37,김강률,LG,투수,1988-08-28,187,95,문촌초(일산리틀)-장성중-경기고-두산-상무-두산
66145,12,김대현,LG,투수,1997-03-08,188,100,홍연초(마포구리틀)-홍은중-선린인터넷고
54107,,김도윤,LG,내야수,2005-02-17,180,71,화중초(덕양구리틀)-경기신일중-야탑고
67504,16,김민수,LG,내야수,1998-03-18,184,97,서화초-동산중-제물포고-롯데-경찰-롯데
53144,,김범석,LG,내야수,2004-05-21,178,110,김해삼성초-경남중-경남고
52105,44,김성우,LG,포수,2003-11-15,180,85,성동초-건대부중-배재고
69105,36,김성진,LG,내야수,2000-03-17,183,100,수원신곡초-매향중-야탑고
50115,103,김수인,LG,내야수,1997-10-19,178,81,광주화정초-자양중-신일고-중앙대
55167,67,김영우,LG,투수,2005-01-14,185,90,양원초(서대문구리틀)-신월중-서울고
68130,35,김영준,LG,투수,1999-01-12,185,90,인천연학초-선린중-선린인터넷고
55129,129,김웅,LG,투수,2002-05-10,191,96,동막초-동산중-인천고-강릉영동대
64596,0,김유영,LG,투수,1994-05-02,180,83,양정초-개성중-경남고-롯데-상무-롯데
68109,115,김의준,LG,투수,1999-10-16,183,80,학강초-광주동성중-광주동성고
55122,49,김종운,LG,투수,2006-09-11,186,85,국산초(거제시리틀)-동강중-창원공고야구단
66162,5,김주성,LG,내야수,1998-01-30,180,81,수원신곡초-덕수중-휘문고
65411,57,김주온,LG,투수,1996-12-08,187,89,울산대현초-구미중-울산공고-SK-SSG
62558,47,김준태,LG,포수,1994-07-31,175,91,양정초-개성중-경남고-(영남사이버대)-롯데-상무-롯데-KT
51104,120,김지용,LG,투수,2002-10-07,180,75,구리초(구리리틀)-구리인창중-라온고
75867,42,김진성,LG,투수,1985-03-07,186,90,인헌초-성남중-성남서고-SK-NC
51154,45,김진수,LG,투수,1998-08-31,179,82,이세초-군산중-군산상고-중앙대
76290,22,김현수,LG,외야수,1988-01-12,188,105,쌍문초-신일중-신일고-두산-볼티모어-필라델피아
54166,66,김현종,LG,외야수,2004-08-04,186,85,상인천초-동인천중-인천고
51103,102,김형욱,LG,투수,2002-01-29,187,90,동일중앙초-부산중-부산고
69102,2,문보경,LG,내야수,2000-07-19,182,88,송중초(동대문구리틀)-덕수중-신일고
68119,8,문성주,LG,외야수,1997-02-20,175,78,포항서초-포항제철중-경북고-강릉영동대
52121,53,문정빈,LG,내야수,2003-08-15,186,90,가동초-잠신중-서울고
54123,123,박건우,LG,내야수,1998-10-19,180,85,송정동초-광주동성중-광주동성고-단국대
55164,64,박관우,LG,외야수,2006-03-22,174,82,욱수초(경산시리틀)-경운중-경북고
79365,27,박동원,LG,포수,1990-04-07,178,92,양정초-개성중-개성고-히어로즈-상무-히어로즈-키움-KIA
53139,39,박명근,LG,투수,2004-03-27,174,75,수택초(구리리틀)-구리인창중-라온고
51112,106,박민호,LG,포수,1998-04-06,177,80,본리초-경상중-대구상원고-경남대
55121,19,박시원,LG,투수,2006-04-12,193,93,송수초(해운대리틀)-센텀중-경남고
62415,17,박해민,LG,외야수,1990-02-24,180,75,영중초-양천중-신일고-한양대-삼성
63145,25,배재준,LG,투수,1994-11-24,188,85,본리초-경상중-대구상원고
68096,114,백선기,LG,투수,1998-08-27,186,70,남도초-경상중-대구상원고-KT
65109,61,백승현,LG,투수,1995-05-26,183,90,소래초-상인천중-인천고
55160,60,서영준,LG,외야수,2006-03-18,186,90,화정초-진흥중-전주고
68159,34,성동현,LG,투수,1999-05-18,189,108,백마초-홍은중-장충고
55118,118,성준서,LG,투수,2006-04-09,190,96,빛가온초(광명리틀)-평촌중-경기항공고
54156,52,손용준,LG,내야수,2000-02-15,178,85,김해화정초(김해리틀)-내동중-김해고-동원과학기술대
67143,29,손주영,LG,투수,1998-12-02,191,95,울산대현초-개성중-경남고
53105,131,송대현,LG,내야수,2000-02-03,180,82,중대초-자양중-신일고-동국대
51111,13,송승기,LG,투수,2002-04-10,181,90,삼일초-매향중-야탑고-LG-상무
68110,14,송찬의,LG,외야수,1999-02-20,182,80,화곡초-선린중-선린인터넷고
65207,4,신민재,LG,내야수,1996-01-21,171,67,서흥초-동인천중-인천고
54108,,심규빈,LG,외야수,2001-03-27,181,81,잠전초(동대문구리틀)-언북중-서울고-성균관대
61411,28,심창민,LG,투수,1993-02-01,185,86,동삼초-경남중-경남고-삼성-상무-삼성-NC
55109,109,안시후,LG,투수,2006-05-02,190,84,신곡초-안산중앙중-부천고
65115,15,안익훈,LG,외야수,1996-02-12,176,76,대전신흥초-충남중-대전고
52123,127,양진혁,LG,투수,2003-06-20,190,90,효제초-성남중-성남고
52124,104,엄태경,LG,내야수,2003-05-03,184,83,광명광덕초(광명시리틀)-휘문중-휘문고
54119,,에르난데스,LG,투수,1995-05-03,185,97,베네수엘라 U.E.N Monsenor Perez Leon(고)-LG
53123,23,오스틴,LG,내야수,1993-10-14,183,97,미국 Klein Collins(고)
79109,10,오지환,LG,내야수,1990-03-12,185,80,군산초-자양중-경기고
51526,20,우강훈,LG,투수,2002-10-03,183,88,희망대초-매송중-야탑고-롯데
55111,110,우정안,LG,내야수,2006-01-03,181,79,의왕부곡초-서울이수중-덕수고
53101,126,원상훈,LG,투수,2004-10-23,192,95,모산초(홍성리틀)-외산중-한국KPOP고
50106,54,유영찬,LG,투수,1997-03-07,185,90,덕성초(안산리틀)-배명중-배명고-건국대
51110,105,이믿음,LG,투수,2000-07-18,188,80,노암초-경포중-강릉고-강릉영동대
51100,7,이영빈,LG,내야수,2002-06-17,182,82,대전동산초(대전중구리틀)-충남중-세광고-LG-상무
61145,21,이우찬,LG,투수,1992-08-04,185,97,온양온천초-온양중-북일고-LG-경찰
69134,31,이정용,LG,투수,1996-03-26,185,83,영일초-성남중-성남고-동아대-LG-상무
96153,,이정준,LG,,1977-06-18,,,한서고-LG
50904,40,이종준,LG,투수,2001-03-09,191,93,군산중앙초-군산남중-군산상고
52154,26,이주헌,LG,포수,2003-03-04,185,92,서울이수초-성남중-성남고
53160,133,이준서,LG,외야수,2004-11-18,187,85,역삼초-언북중-서울고
69108,32,이지강,LG,투수,1999-07-02,183,85,수원선일초-수원북중-소래고
55165,65,이태훈,LG,내야수,2006-08-21,183,83,가동초-덕수중-경동고
55100,00,이한림,LG,포수,2006-11-18,182,92,해남동초(해남군리틀)-화순중-전주고
53100,125,임정균,LG,투수,2004-05-10,190,92,양정초-대천중-부산고
61101,1,임찬규,LG,투수,1992-11-20,185,80,가동초-청원중-휘문고-LG-경찰
63950,50,장현식,LG,투수,1995-02-24,181,91,신도초-서울이수중-서울고-NC-경찰-NC-KIA
68869,128,전경원,LG,포수,1999-03-18,184,95,연현초-성남중-성남고-SK-상무-SSG
67123,111,전준호,LG,투수,1998-07-01,181,80,양도초-강남중-청원고
69159,18,정우영,LG,투수,1999-08-19,193,99,가평초-강남중-서울고
54149,,정지헌,LG,투수,2003-01-01,180,85,동수원초(수원영통리틀)-매향중-유신고-고려대(얼리 드래프트)-LG-상무
51163,101,조건희,LG,투수,2002-03-26,184,84,계상초(노원구리틀)-상명중-서울고
52149,130,조원태,LG,투수,2003-05-10,186,92,토성초(강동구리틀)-건대부중-선린인터넷고
54148,48,진우영,LG,투수,2001-02-05,188,97,성동초-글로벌선진학교
50054,59,천성호,LG,내야수,1997-10-30,183,85,광주화정초-충장중-진흥고-단국대-KT-상무-KT
65905,62,최승민,LG,외야수,1996-07-01,181,73,서울학동초-대치중-신일고-상무-NC
52163,112,최용하,LG,투수,2002-11-29,183,84,응암초(서대문구리틀)-동도중-서울디자인고
52103,3,최원영,LG,외야수,2003-07-18,174,76,부산수영초-사직중-부산고
68419,56,최채흥,LG,투수,1995-01-22,186,97,동천초-포항중-대구상원고-한양대-삼성-상무-삼성
55163,63,추세현,LG,투수,2006-04-19,187,90,성신초(서울중구리틀)-청량중-경기상고
55146,46,치리노스,LG,투수,1993-12-26,188,102,베네수엘라 U.E.N heroes nigales(고)
55138,,코엔 윈,LG,투수,1999-01-25,193,86,호주 Grand Canyon(대)-LG
55130,30,톨허스트,LG,투수,1999-09-13,193,86,미국 Grossmont(고)
50107,119,하영진,LG,투수,2001-02-28,182,80,안산상록초-원주중-원주고
63248,11,함덕주,LG,투수,1995-01-13,181,78,일산초-원주중-원주고-두산
50108,24,함창건,LG,외야수,2001-08-18,176,83,백운초-충암중-충암고
53102,43,허용주,LG,투수,2003-06-05,194,88,사파초-마산동중-용마고
52119,58,허준혁,LG,투수,1999-07-02,180,85,가평초(가평군리틀)-영동중-경기고-한일장신대-LG-상무
66108,51,홍창기,LG,외야수,1993-11-21,189,94,대일초-매송중-안산공고-건국대-LG-경찰
50705,39,강재민,한화,투수,1997-04-03,180,89,양덕초-마산중-용마고-단국대
52769,17,권광민,한화,내야수,1997-12-12,189,102,서울청구초-홍은중-장충고
55764,64,권민규,한화,투수,2006-05-13,188,90,청주석교초-세광중-세광고
69702,56,김건,한화,내야수,2000-02-23,183,79,양정초-개성중-경남고
52703,116,김겸재,한화,투수,1998-12-10,187,88,부산남산초(부산동래마린스리틀)-대천중-부산정보고-단국대
53701,112,김관우,한화,투수,2003-09-07,182,97,양산북정초(경남양산리틀)-경남중-마산고
51713,,김규연,한화,투수,2002-08-23,183,91,동수원초(수원영통구리틀)-매향중-공주고-한화-상무
51715,15,김기중,한화,투수,2002-11-16,186,96,의왕부곡초-매송중-유신고
54705,62,김도빈,한화,투수,2001-01-05,190,95,서화초-경기신흥중-성지고-강릉영동대
65764,53,김민우,한화,투수,1995-07-25,186,123,사파초-마산중-용마고
65769,47,김범수,한화,투수,1995-10-03,181,92,온양온천초-온양중-북일고
50710,110,김범준,한화,투수,2000-09-30,175,79,서울도곡초-글로벌선진중-충암고
53754,44,김서현,한화,투수,2004-05-31,188,86,효제초-자양중-서울고
50711,14,김승일,한화,투수,2001-07-07,183,85,해강초(해운대리틀)-센텀중-경남고
53708,114,김예준,한화,내야수,2004-10-28,182,78,인천당하초(인천서구리틀)-재능중-강릉고
66715,37,김인환,한화,내야수,1994-01-28,186,100,화순초-화순중-화순고-성균관대
63765,38,김종수,한화,투수,1994-06-03,180,88,성동초-덕수중-울산공고
66704,25,김태연,한화,외야수,1997-06-10,178,96,서울청구초-덕수중-야탑고
53702,118,김해찬,한화,외야수,2004-05-25,178,91,대전유천초-한밭중-대전고
52717,117,노석진,한화,내야수,2003-01-31,187,89,본리초-대구중-세광고
69737,8,노시환,한화,내야수,2000-12-03,185,105,부산수영초-경남중-경남고
76715,99,류현진,한화,투수,1987-03-25,190,113,창영초-동산중-동산고-(대전대)-한화-LA다저스-토론토
55703,0,리베라토,한화,외야수,1995-12-18,185,79,Esperanza Milena Martinez (고)
52701,1,문동주,한화,투수,2003-12-23,188,97,광주화정초-무등중-진흥고
51705,,문승진,한화,투수,2002-04-02,185,91,서울청구초-홍은중-서울고-한화
53764,51,문현빈,한화,내야수,2004-04-20,174,82,대전유천초-온양중-북일고
52711,115,민승기,한화,투수,2001-07-06,181,89,서울신내초(중랑구리틀)-청량중-경동고-여주대-한화
55711,111,박부성,한화,투수,2000-01-17,185,85,마포초(용산구리틀)-선린중-배명고-동의대
66707,42,박상언,한화,포수,1997-03-03,185,90,무원초-영남중-유신고-한화-상무
67703,58,박상원,한화,투수,1994-09-09,187,98,백운초-서울이수중-휘문고-연세대
55705,,박상현,한화,투수,2005-01-06,184,83,안산슬기초(안산리틀)-안산중-안산공고
68703,103,박성웅,한화,투수,1999-08-20,178,109,광주서석초-충장중-광주제일고
53706,119,박재규,한화,투수,2003-07-03,181,83,울산대현초-신정중-개성고
50709,63,박정현,한화,내야수,2001-07-27,183,83,부천북초-부천중-유신고-한화-상무
52731,96,박준영,한화,투수,2003-03-02,190,103,청주우암초(청주시리틀)-세광중-세광고
51761,61,배동현,한화,투수,1998-03-16,183,83,판곡초(양평리틀)-언북중-경기고-한일장신대-한화-상무
69974,45,배민서,한화,투수,1999-11-18,184,90,대구수창초-경운중-대구상원고-NC-상무-NC
55798,98,배승수,한화,내야수,2006-05-15,184,73,가동초-자양중-덕수고
53711,,성지훈,한화,투수,2000-01-29,181,68,송정동초-무등중-광주제일고-동아대
77532,31,손아섭,한화,외야수,1988-03-18,174,84,양정초-개성중-부산고-롯데-NC
51767,54,송호정,한화,내야수,2002-03-10,185,78,수유초-자양중-서울고
53717,69,신우재,한화,내야수,1997-11-16,183,97,인천숭의초-자양중-세광고-인천재능대
64006,2,심우준,한화,내야수,1995-04-28,183,75,송정동초-언북중-경기고-(영남사이버대)-KT-상무-KT
51704,01,안진,한화,포수,2002-11-26,183,90,인헌초-영남중-경기상고
79608,3,안치홍,한화,내야수,1990-07-02,178,97,구지초(구리리틀)-대치중-서울고-KIA-경찰-KIA-롯데
50813,101,양선률,한화,투수,1997-04-15,186,91,학강초-화순중-화순고-동아대-SK-SSG
65056,11,엄상백,한화,투수,1996-10-04,187,72,역삼초-언북중-덕수고-KT-상무-KT
55707,107,엄상현,한화,투수,2004-07-06,175,80,중대초(의정부리틀)-건대부중-장충고-홍익대(얼리 드래프트)
55708,108,엄요셉,한화,투수,2006-05-29,190,94,오산광성초(오산시리틀)-성일중-구리인창고
54755,55,와이스,한화,투수,1996-12-10,193,95,미국 Wright State(대)
54702,48,원종혁,한화,투수,2005-08-27,184,92,서울도곡초-휘문중-구리인창고
69766,33,유로결,한화,외야수,2000-05-30,186,83,광주서림초-광주동성중-광주제일고
52765,97,유민,한화,외야수,2003-01-20,187,92,역삼초-대치중-배명고
63464,5,윤대경,한화,투수,1994-04-09,179,81,인천서림초-동인천중-인천고-삼성
69213,49,윤산흠,한화,투수,1999-05-15,178,75,광주화정초-진흥중-영선고-두산-상무
54703,100,이기창,한화,투수,2005-04-21,184,88,새빛초(수원영통구리틀)-매향중-유신고
65703,7,이도윤,한화,내야수,1996-10-07,175,79,고명초-배재중-북일고
55704,104,이동영,한화,투수,2006-04-09,185,85,남도초-경상중-대구상원고
65616,27,이민우,한화,투수,1993-02-09,185,104,순천북초-순천이수중-효천고-경성대-KIA
55710,57,이민재,한화,외야수,2004-03-07,184,80,호동초(안산리틀)-안산중-비봉고-동원과학기술대
65117,18,이상규,한화,투수,1996-10-20,185,77,흥인초-청원중-청원고-LG
52704,9,이상혁,한화,외야수,2001-09-14,174,65,수원영화초(군포시리틀)-수원북중-장안고-강릉영동대
52714,93,이성민,한화,투수,2002-09-28,191,92,남부민초-부산중-부경고
55712,60,이승현,한화,내야수,2002-07-23,172,77,부천상인초(원미구리틀)-부천중-포항제철고-성균관대
68700,50,이원석,한화,외야수,1999-03-31,177,80,화곡초-충암중-충암고
76812,20,이재원,한화,포수,1988-02-24,185,98,인천숭의초-상인천중-인천고-SK-상무-SK-SSG
55706,106,이지성,한화,내야수,2005-11-29,180,78,세류초(장안구리틀)-개군중-라온고
66657,10,이진영,한화,외야수,1997-07-21,183,89,둔촌초-선린중-선린인터넷고-KIA-경찰-KIA
63749,19,이충호,한화,투수,1994-09-20,182,82,인헌초-선린중-충암고
60768,46,이태양,한화,투수,1990-07-03,192,97,여수서초-여수중-효천고-한화-SK-SSG
50704,24,임종찬,한화,외야수,2001-09-28,184,85,청주우암초-청주중-북일고
51762,32,장규현,한화,포수,2002-06-28,183,96,인성초(미추홀구리틀)-동인천중-인천고-한화-상무
79764,36,장민재,한화,투수,1990-03-19,184,106,광주화정초-무등중-광주제일고
77318,28,장시환,한화,투수,1987-11-01,184,97,태안초-태안중-북일고-현대-히어로즈-상무-히어로즈-KT-롯데
69645,40,장지수,한화,투수,2000-05-25,179,80,사당초-강남중-성남고-KIA-상무-KIA
51764,65,정민규,한화,내야수,2003-01-10,183,101,광일초(부산서구리틀)-경남중-부산고-한화-상무
54794,,정안석,한화,외야수,2005-01-26,183,78,염동초(강서구리틀)-서울신월중-휘문고
55743,43,정우주,한화,투수,2006-11-07,184,88,구남초(남양주리틀)-건대부중-전주고
69767,34,정이황,한화,투수,2000-03-07,190,89,부산수영초-경남중-부산고
54768,68,조동욱,한화,투수,2004-11-02,190,82,소래초-영남중-장충고
69705,4,조한민,한화,내야수,2000-10-20,182,77,군산중앙초-군산중-대전고-한화-상무
65707,66,주현상,한화,투수,1992-08-10,177,92,청주우암초-청주중-청주고-동아대
79192,22,채은성,한화,내야수,1990-02-06,186,92,순천북초-순천이수중-효천고-LG
53705,105,최원준,한화,내야수,2004-05-01,188,84,청주남평초(청주시리틀)-세광중-청담고
50707,41,최인호,한화,외야수,2000-01-30,178,82,송정동초-광주동성중-포항제철고-한화-상무
78288,13,최재훈,한화,포수,1989-08-27,178,94,화곡초-덕수중-덕수고-(방송통신대)-두산-경찰-두산
55709,109,최주원,한화,투수,2006-01-11,185,85,경기안성초(안성시리틀)-평택청담중-북일고
54710,,최준서,한화,외야수,2000-06-29,182,77,인천숭의초-율곡중-율곡고-동국대
55730,30,폰세,한화,투수,1994-04-25,198,115,미국 California State(대)
55734,,플로리얼,한화,외야수,1997-11-25,185,88,도미니카-한화
62700,16,하주석,한화,내야수,1994-02-25,185,92,강남초-덕수중-신일고-한화-상무
52710,6,한경빈,한화,내야수,1998-12-11,178,69,인천서림초-상인천중-동산고-인천재능대
53703,102,한서구,한화,투수,2003-12-04,191,98,석교초-세광중-대전고
61666,26,한승혁,한화,투수,1993-01-03,185,100,도신초-강남중-덕수고-(남부대)-KIA
55767,67,한지윤,한화,포수,2006-04-10,188,98,가동초-휘문중-경기상고
69706,12,허관회,한화,포수,1999-02-12,176,93,경동초(의정부리틀)-건대부중-경기고
52764,59,허인서,한화,포수,2003-07-11,182,93,순천북초-여수중-효천고-한화-상무
54795,95,황영묵,한화,내야수,1999-10-16,177,80,수진초-성일중-충훈고
54729,29,황준서,한화,투수,2005-08-22,185,78,면일초(중랑구리틀)-상명중-장충고
51868,18,고명준,SSG,내야수,2002-07-08,185,94,서원초-세광중-세광고-SK
71837,,김강민,SSG,외야수,1982-09-13,182,87,본리초-대구중-경북고-SK-SSG-한화
51867,39,김건우,SSG,투수,2002-07-12,185,88,가현초(인천서구리틀)-동산중-제물포고-SK-SSG-상무
77829,29,김광현,SSG,투수,1988-07-22,188,88,덕성초(안산리틀)-안산중앙중-안산공고-SK-세인트루이스
54810,61,김규민,SSG,포수,2002-08-23,180,94,동수원초(수원영통구리틀)-매향중-공주고-여주대
52844,05,김도현,SSG,투수,2003-05-24,179,89,삼송초-연세중-백송고
68043,41,김민,SSG,투수,1999-04-14,185,88,인천숭의초-평촌중-유신고-KT-상무-KT
62864,24,김민식,SSG,포수,1989-06-28,180,80,양덕초-마산중-마산고-원광대-SK-상무-SK-KIA
50848,56,김성민,SSG,투수,2001-04-30,184,88,서울학동초-자양중-경기고-SK
62934,47,김성욱,SSG,외야수,1993-05-01,181,83,광주서림초-충장중-진흥고-NC-상무-NC
76802,6,김성현,SSG,내야수,1987-03-09,172,72,송정동초-충장중-광주제일고-SK-상무-SK
67900,4,김수윤,SSG,내야수,1998-07-16,180,83,김해삼성초-개성중-부산고-NC
53865,04,김정민,SSG,외야수,2004-03-07,180,75,광안초(부산수영구리틀)-경남중-경남고
53805,03,김준영,SSG,투수,2003-11-18,178,83,변동초(대전중구리틀)-충남중-세광고
66917,5,김찬형,SSG,내야수,1997-12-29,182,83,양정초-경남중-경남고-NC-SSG-상무
69825,64,김창평,SSG,외야수,2000-06-14,185,85,학강초-무등중-광주제일고-SK
52803,36,김태윤,SSG,내야수,2003-02-28,170,65,창우초(하남시리틀)-배명중-배명고
65343,43,김택형,SSG,투수,1996-10-10,185,90,창영초-재능중-동산고-히어로즈-SK-SSG-상무
55895,95,김현재,SSG,투수,2006-07-03,177,78,대전새여울초(대전유성리틀)-한밭중-대전고
73211,38,노경은,SSG,투수,1984-03-11,187,100,화곡초-성남중-성남고-두산-롯데
55802,02,도재현,SSG,투수,2001-03-08,193,103,오산대원초(오산리틀)-율곡중-율곡고-사이버한국외대
50868,45,류효승,SSG,외야수,1996-07-16,190,100,칠성초-경상중-대구상원고-성균관대-SK
55844,,맥브룸,SSG,외야수,1992-04-09,190,99,미국 West Virginia(대)-SSG
62869,42,문승원,SSG,투수,1989-11-28,180,88,가동초-배명중-배명고-고려대-SK-상무-SK
54802,66,박기호,SSG,투수,2005-07-26,184,80,샛별초(청주시리틀)-현도중-청주고
64944,,박대온,SSG,포수,1995-08-28,182,85,서울도곡초-서울이수중-휘문고-NC-SSG
50592,07,박명현,SSG,투수,2001-06-16,185,80,부천북초-대원중-야탑고-롯데
52864,06,박상후,SSG,투수,2003-08-05,187,87,칠성초(수성리틀)-대구중-경북고
54807,00,박성빈,SSG,투수,2003-12-29,187,92,서울도곡초(강남구리틀)-대치중-휘문고-사이버한국외대(얼리 드래프트)
67893,2,박성한,SSG,내야수,1998-03-30,180,77,순천북초-여수중-효천고-SK-상무-SK
50812,57,박시후,SSG,투수,2001-05-10,182,88,상인천초-상인천중-인천고-SK
51860,58,박정빈,SSG,외야수,2002-06-14,182,80,효제초-청량중-경기고
60841,50,박종훈,SSG,투수,1991-08-13,186,90,군산중앙초-군산중-군산상고-SK-상무-SK
54805,1,박지환,SSG,내야수,2005-07-12,183,75,군산남초-군산중-세광고
69839,11,백승건,SSG,투수,2000-10-29,183,85,동막초-상인천중-인천고-SK-상무
54814,,백준서,SSG,외야수,2005-09-26,181,89,불정초(분당구리틀)-대원중-덕수고
61895,22,서진용,SSG,투수,1992-10-02,184,88,남부민초-대동중-경남고-상무-SK
52804,52,석정우,SSG,내야수,1999-01-20,180,82,동일중앙초-경남중-경남고-연세대
53898,28,송영진,SSG,투수,2004-05-28,185,90,대전유천초-한밭중-대전고
66662,25,신범수,SSG,포수,1998-01-25,177,83,광주대성초-광주동성중-광주동성고-KIA
55860,60,신지환,SSG,투수,2006-04-17,180,81,강남초-성남중-성남고
52873,,신헌민,SSG,투수,2002-07-19,187,88,학강초-광주동성중-광주동성고-SSG-상무
66864,10,안상현,SSG,내야수,1997-01-27,178,74,사파초-선린중-용마고-SK-상무
53897,,안현서,SSG,투수,2004-10-16,185,83,영일초-서울신월중-경기고
54833,33,앤더슨,SSG,투수,1994-03-22,194,83,미국 Galena(고)
53827,27,에레디아,SSG,외야수,1991-01-31,178,88,쿠바 Eide Luis Agusto Tursios Lima
60558,37,오태곤,SSG,외야수,1991-11-18,186,88,쌍문초-신월중-청원고-롯데-경찰-롯데-KT-SK
52867,12,윤태현,SSG,투수,2003-10-10,189,93,상인천초-동인천중-인천고
64861,16,이건욱,SSG,투수,1995-02-13,182,85,신도초-동산중-동산고-SK
55896,96,이도우,SSG,투수,2006-05-13,191,96,길동초-배명중-서울컨벤션고
53892,92,이로운,SSG,투수,2004-09-11,185,105,본리초-경복중-대구고
54806,9,이승민,SSG,외야수,2005-01-06,187,90,서울도곡초-휘문중-휘문고
53809,46,이승훈,SSG,투수,2004-08-12,186,81,서울학동초-건대부중-배재고
55893,93,이원준,SSG,외야수,2006-03-15,181,95,양정초-부산중-부산고
55832,32,이율예,SSG,포수,2006-11-21,183,90,중리초(함안리틀)-원동중-강릉고
67807,31,이정범,SSG,외야수,1998-04-10,178,88,인천숭의초-동인천중-인천고
79456,59,이지영,SSG,포수,1986-02-27,177,88,서화초-인천신흥중-제물포고-경성대-삼성-상무-삼성-키움
52807,68,임근우,SSG,외야수,1999-07-22,180,88,서울도곡초-휘문중-휘문고-홍익대
52802,63,임성준,SSG,투수,2001-11-16,183,93,덕현초(양주리틀)-춘천중-강릉고-강릉영동대
51895,21,장지훈,SSG,투수,1998-12-06,177,78,김해삼성초-내동중-김해고-동의대-SK-SSG-상무
55899,49,장현진,SSG,내야수,2004-05-18,180,84,잠일초(송파구리틀)-잠신중-서울고
52809,65,전영준,SSG,투수,2002-04-16,190,100,부곡초-휘문중-대구고-SSG-상무
66858,51,정동윤,SSG,투수,1997-10-22,193,103,덕성초(안산리틀)-중앙중-야탑고-SK-상무-SK
54812,3,정준재,SSG,내야수,2003-01-03,165,68,상인천초-동인천중-강릉고-동국대(얼리 드래프트)
54815,,정현승,SSG,외야수,2001-10-24,180,80,현산초-부천중-덕수고-인하대-SSG-상무
51897,19,조병현,SSG,투수,2002-05-08,182,90,온양온천초-온양중-세광고-SK-SSG-상무
51809,98,조요한,SSG,투수,2000-01-06,191,102,광주화정초-충장중-광주제일고-동강대-SSG-상무
51865,20,조형우,SSG,포수,2002-04-04,187,95,송정동초-무등중-광주제일고-SK
69804,15,채현우,SSG,외야수,1995-11-21,182,80,칠성초-경복중-대구상원고-송원대-SK
55890,90,천범석,SSG,투수,2006-03-06,183,86,과천문원초(안양시리틀)-수원북중-강릉고
68856,30,최민준,SSG,투수,1999-06-11,178,83,부산수영초-경남중-경남고-SK-상무-SK
65157,,최민창,SSG,외야수,1996-04-16,179,76,강남초-선린중-신일고-LG-SSG
68805,,최상민,SSG,외야수,1999-08-20,178,75,석교초-청주중-북일고-SSG
69893,62,최수호,SSG,투수,2000-07-19,183,78,봉천초-배명중-북일고-SK
55894,94,최윤석,SSG,내야수,2006-04-25,187,93,진북초(전주시비전리틀)-전라중-전주고
75847,14,최정,SSG,내야수,1987-02-28,180,90,대일초-평촌중-유신고-SK
68868,7,최준우,SSG,내야수,1999-03-25,176,78,방배초-대치중-장충고-SK-상무
50854,54,최지훈,SSG,외야수,1997-07-23,178,82,광주수창초-무등중-광주제일고-동국대-SK
54803,40,최현석,SSG,투수,2003-10-16,185,90,서흥초-동산중-동산고-부산과학기술대
69813,13,하재훈,SSG,외야수,1990-10-29,182,90,양덕초-마산동중-용마고-SK
68092,34,한두솔,SSG,투수,1997-01-15,177,86,광주수창초-진흥중-광주제일고-일본 오사카 리세이샤 전문대학-KT
62895,35,한유섬,SSG,외야수,1989-08-09,190,105,중앙초(해운대리틀)-대천중-경남고-경성대-SK-상무-SK
55801,01,한지헌,SSG,투수,2004-08-14,183,86,길동초-건대부중-청원고-경희대(얼리 드래프트)
54813,,허진,SSG,내야수,2001-06-16,175,78,광주수창초-충장중-광주동성고-고려대
50840,8,현원회,SSG,내야수,2001-07-08,180,95,가동초-경상중-대구고-SK
55897,97,홍대인,SSG,내야수,2001-11-23,174,76,서원초-세광중-세광고-사이버한국외대(얼리 드래프트)
55855,55,화이트,SSG,투수,1994-12-28,190,95,미국 Santa Clara(대)
55460,60,가라비토,삼성,투수,1995-08-19,183,100,도미니카 Liceo Enedina Puella Renville (고)	
55427,127,강민성,삼성,내야수,2006-02-22,183,85,연현초-잠신중-안산공고
74540,47,강민호,삼성,포수,1985-08-18,185,100,제주신광초-포철중-포철공고-(국제디지털대)-롯데
53460,105,강준서,삼성,외야수,2000-10-13,183,85,부산대연초-대천중-부산공고-동의대
64610,6,강한울,삼성,내야수,1991-09-12,181,66,사당초-중앙중-안산공고-원광대-KIA-삼성-상무
68407,9,공민규,삼성,내야수,1999-09-27,183,85,서화초-동산중-인천고-삼성-상무
62404,5,구자욱,삼성,외야수,1993-02-12,189,75,본리초-경복중-대구고-삼성-상무
55441,41,권현우,삼성,투수,2006-03-28,190,93,광주서림초-충장중-광주제일고
61365,17,김대우,삼성,투수,1988-11-21,183,85,역삼초-대치중-서울고-홍익대-히어로즈-상무-히어로즈
54401,44,김대호,삼성,투수,2001-10-15,185,100,제주신광초-이평중-군산상고-고려대
69442,24,김도환,삼성,포수,2000-04-14,178,90,언북초(의정부리틀)-영동중-신일고-삼성-상무
54402,123,김동현,삼성,투수,2001-05-25,186,95,용현초(인천남구리틀)-동인천중-인천고-강릉영동대
68403,48,김무신,삼성,투수,1999-12-08,185,95,온양온천초-온양중-북일고-(대구대)-삼성-상무
64793,12,김민수,삼성,포수,1991-03-02,177,80,대구옥산초-경복중-대구상원고-영남대-한화-상무
55420,120,김백산,삼성,투수,2003-10-13,183,86,남산초-원주중-강릉고-부산과학기술대
52402,107,김상민,삼성,외야수,2003-12-06,183,83,부산대연초-부산중-부산고
55425,125,김상준,삼성,내야수,2002-12-30,176,75,양덕초-마산동중-물금고-동원과학기술대
54403,122,김성경,삼성,투수,1999-10-01,181,84,학강초-망운중-광주동성고-송원대(얼리 드래프트)
67449,39,김성윤,삼성,외야수,1999-02-02,163,62,창신초(부산진구리틀)-원동중-포항제철고
53464,100,김시온,삼성,투수,2003-10-30,189,89,서당초-대원중-율곡고
52430,30,김영웅,삼성,내야수,2003-08-24,183,81,공주중동초-야로중-물금고
55429,119,김유현,삼성,투수,2004-02-07,184,93,광주서석초-광주동성중-광주동성고-동강대
65132,2,김재성,삼성,포수,1996-10-30,185,85,신광초-성남중-덕수고-LG-경찰-LG
65062,62,김재윤,삼성,투수,1990-09-16,185,91,서울도곡초-휘문중-휘문고-KT
52424,8,김재혁,삼성,외야수,1999-12-26,182,85,제주남초-제주제일중-제주고-동아대-삼성-상무
54407,124,김재형,삼성,내야수,2005-11-22,186,102,봉천초-선린중-덕수고
50458,58,김지찬,삼성,외야수,2001-03-08,163,64,백사초(이천시리틀)-모가중-라온고
69207,64,김태근,삼성,외야수,1996-08-10,175,74,광진초(광진구리틀)-건대부중-배명고-건국대-두산-상무
65040,25,김태훈,삼성,외야수,1996-03-31,177,78,진흥초(안산리틀)-평촌중-유신고-KT
62360,27,김태훈,삼성,투수,1992-03-02,187,101,남부민초-대신중-부경고-히어로즈-경찰-히어로즈-키움
61404,32,김헌곤,삼성,외야수,1988-11-09,174,81,회원초-경복중-제주관광고-영남대-삼성-상무
54460,,김호진,삼성,내야수,2005-07-16,183,84,송정동초-충장중-진흥고-삼성-상무
54400,0,디아즈,삼성,내야수,1996-11-19,188,105,도미니카 Daniel Smith(고) 
54443,,레예스,삼성,투수,1996-11-02,198,113,도미니카 Melida Altagracia Baez(고)-삼성
62234,16,류지혁,삼성,내야수,1994-01-13,181,75,청원초-선린중-충암고-두산-상무-두산-KIA
75125,52,박병호,삼성,내야수,1986-07-10,185,107,영일초(광명리틀)-영남중-성남고-상무-LG-히어로즈-미네소타-넥센-키움-KT
69418,66,박승규,삼성,외야수,2000-09-02,178,80,일산초-덕수중-경기고-삼성-상무
53416,116,박장민,삼성,내야수,2003-09-02,179,80,칠성초-경상중-대구고
50411,101,박주혁,삼성,투수,2001-05-18,182,82,남정초-덕수중-휘문고-삼성-상무
54466,113,박준용,삼성,투수,2003-12-19,184,92,북삼초(구미시리틀)-구미중-경북고-수성대
53411,67,박진우,삼성,포수,2003-10-14,176,87,글꽃초(대전중구리틀)-현도중-청주고
55455,55,배찬승,삼성,투수,2006-01-01,180,85,대구옥산초-협성경복중-대구고
77446,29,백정현,삼성,투수,1987-07-13,184,80,대구옥산초-대구중-대구상원고
73801,46,송은범,삼성,투수,1984-03-17,182,93,서흥초-동산중-동산고-SK-KIA-한화-LG
54405,,신경민,삼성,투수,2004-03-16,186,103,칠성초-경상중-대구고
53415,121,신윤호,삼성,투수,2004-09-08,183,85,서울청구초(서울중구리틀)-건대부중-장충고
52440,140,신정환,삼성,투수,2003-04-28,188,83,화접초(남양주리틀)-모가중-상우고
55438,38,심재훈,삼성,내야수,2006-03-03,180,80,삼일초-평촌중-유신고
66406,14,안주형,삼성,내야수,1993-08-14,176,68,부산중앙초-부산중-부경고-영남대
54408,68,양도근,삼성,내야수,2003-02-06,173,72,인천동막초-상인천중-장안고-강릉영동대
69403,53,양우현,삼성,내야수,2000-04-13,175,82,남정초-충암중-충암고
68415,42,양창섭,삼성,투수,1999-09-22,182,85,녹천초(노원구리틀)-청량중-덕수고
61268,19,양현,삼성,투수,1992-08-23,189,104,영랑초-한밭중-대전고-두산-상무-히어로즈-키움
75421,21,오승환,삼성,투수,1982-07-15,178,93,도신초-우신중-경기고-단국대-삼성-한신-세인트루이스-토론토-콜로라도
51466,103,오현석,삼성,내야수,2001-03-05,183,99,고명초-홍은중-안산공고
55428,128,우승완,삼성,투수,2005-09-06,186,90,대전구봉초(계룡시리틀)-충남중-세광고
69446,18,원태인,삼성,투수,2000-04-06,183,92,율하초(중구리틀)-경복중-경북고
54406,,유병선,삼성,투수,2005-09-12,181,84,무학초(성동구리틀)-청량중-경동고
54404,4,육선엽,삼성,투수,2005-07-13,190,90,백마초-서울신월중-장충고
68463,31,윤정빈,삼성,외야수,1999-06-24,182,93,신도초-부천중-부천고-삼성-상무
69428,23,이병헌,삼성,포수,1999-10-26,180,87,인천숭의초-인천신흥중-제물포고
63960,15,이상민,삼성,투수,1990-11-04,180,85,남도초(수성리틀)-대구중-경북고-동의대-NC-히어로즈-경찰-히어로즈-키움
66409,13,이성규,삼성,외야수,1993-08-03,178,82,광주대성초-광주동성중-광주동성고-인하대-삼성-경찰
50464,28,이승민,삼성,투수,2000-08-26,174,79,본리초-경상중-대구고-삼성-상무
51454,57,이승현,삼성,투수,2002-05-19,183,102,남도초-경복중-대구상원고
60146,20,이승현,삼성,투수,1991-11-20,181,92,화순초-진흥중-화순고-LG
63492,26,이재익,삼성,투수,1994-03-18,180,76,삼일초-중앙중-유신고
52415,7,이재현,삼성,내야수,2003-02-04,180,82,서울이수초-선린중-서울고
51460,59,이재희,삼성,투수,2001-10-11,187,100,대전신흥초-한밭중-대전고-삼성-상무
55417,117,이진용,삼성,외야수,2006-06-30,183,80,평택부용초(모현메이필드)-평택청담중-북일고
51407,50,이창용,삼성,내야수,1999-06-03,184,89,을지초(노원구리틀)-청량중-신흥고-강릉영동대
69416,56,이해승,삼성,내야수,2000-08-01,180,86,인천서림초-신흥중-인천고-삼성-상무
54411,,이현준,삼성,내야수,2001-04-20,182,80,연현초-금릉중-비봉고-한양대
53455,1,이호성,삼성,투수,2004-08-14,184,87,도원초(부천소사리틀)-동인천중-인천고
78352,45,임창민,삼성,투수,1985-08-25,183,94,광주대성초-광주동성중-광주동성고-연세대-히어로즈-경찰-히어로즈-NC-두산
65586,34,전병우,삼성,내야수,1992-10-24,182,93,동삼초-경남중-개성고-동아대-롯데-키움
54467,49,정민성,삼성,투수,2005-05-09,184,98,군산중앙초-군산중-군산상일고
52405,132,조민성,삼성,내야수,2003-10-22,180,90,서울학동초-휘문중-휘문고-삼성-상무
51468,104,주한울,삼성,외야수,2002-06-08,183,83,성동초-건대부중-배명고
55415,115,진희성,삼성,투수,2006-05-18,179,90,인천서림초-우신중-동산고
52400,106,차동영,삼성,포수,2002-11-01,181,82,갈곡초(기흥구리틀)-모가중-강릉고
55435,35,차승준,삼성,내야수,2006-11-20,181,88,무학초-창원신월중-용마고
55414,114,천겸,삼성,투수,2006-01-25,179,88,부산수영초-개성중-부산고
62146,54,최성훈,삼성,투수,1989-10-11,178,75,가동초-잠신중-경기고-경희대-LG
55419,109,최예한,삼성,투수,2002-06-02,183,90,양정초-포항제철중-포항제철고-성균관대
65320,3,최원태,삼성,투수,1997-01-07,184,104,인헌초(용산구리틀)-서울경원중-서울고-히어로즈-키움-LG
67421,11,최지광,삼성,투수,1998-03-13,173,85,감천초-대신중-부산고-삼성-상무
66451,51,최충연,삼성,투수,1997-03-05,190,85,대구수창초-대구중-경북고
68501,37,최하늘,삼성,투수,1999-03-26,190,99,서울학동초-자양중-경기고-롯데-상무
55440,40,함수호,삼성,외야수,2006-03-10,181,88,구미인동초(구미시리틀)-협성경복중-대구상원고
50449,108,허윤동,삼성,투수,2001-06-19,180,90,(덕양구리틀)-금릉중-유신고-삼성-상무
50430,65,홍원표,삼성,투수,2001-03-27,183,86,신도초-부천중-부천고
55412,112,홍준영,삼성,투수,2004-08-18,180,76,안산중앙초(안산리틀)-일직중-경주고-동원과학기술대
67005,63,홍현빈,삼성,외야수,1997-08-29,174,70,수원신곡초-매송중-유신고-KT-상무
50441,61,황동재,삼성,투수,2001-11-03,191,97,율하초-경운중-경북고
53375,75,후라도,삼성,투수,1996-01-30,188,109,파나마 San Judas Tadeo(고)-키움
50905,100,강태경,NC,투수,2001-07-26,188,95,양덕초-잠실중-배명고
54908,60,고승완,NC,외야수,2001-03-15,178,81,광주대성초-무등중-광주동성고-연세대
59372,,고준휘,NC,외야수,,,,
65933,59,구창모,NC,투수,1997-02-17,182,85,천안남산초-덕수중-울산공고-NC-상무
63963,36,권희동,NC,외야수,1990-12-30,177,85,동천초-경주중-경주고-경남대-NC-상무
59374,,김건,NC,내야수,,,,
52995,22,김녹원,NC,투수,2003-05-17,182,88,학강초-무등중-광주제일고
55933,103,김동현,NC,포수,2002-08-30,180,88,부산대연초-사직중-부산공고-성균관대
59378,,"김명규
",NC,내야수,,,,
54913,63,김민규,NC,투수,2001-09-07,183,84,광주서석초-진흥중-광주동성고-경성대
54901,,김민균,NC,투수,2005-01-18,188,88,가동초-자양중-경기고
69980,66,김범준,NC,외야수,2000-04-20,183,90,울산대현초-제일중-대구고
54905,9,김세훈,NC,내야수,2005-04-04,174,77,매호초(경산시리틀)-경운중-경북고
68900,17,김영규,NC,투수,2000-02-10,188,86,광주서석초-무등중-광주제일고
64580,32,김재열,NC,투수,1996-01-02,183,97,양정초-개성중-부산고-KIA
51903,42,김정호,NC,포수,1998-07-13,172,84,대구옥산초-경복중-포항제철고-성균관대
51907,7,김주원,NC,내야수,2002-07-30,185,83,삼일초(군포시리틀)-안산중앙중-유신고
54910,106,김준원,NC,투수,2005-05-31,190,82,칠성초-대구중-경북고
51901,,김진우,NC,투수,2002-10-28,178,82,진북초-전라중-군산상고-NC
67954,54,김진호,NC,투수,1998-06-07,183,90,의왕부곡초-성일중-광주동성고-NC-경찰
50992,11,김태경,NC,투수,2001-04-07,188,95,김해삼성초-내동중-용마고-NC-상무
67956,15,김태현,NC,투수,1998-03-21,188,95,김해삼성초-내동중-김해고-NC-경찰
54912,109,김태호,NC,포수,2001-02-15,178,93,신도초(해운대리틀)-센텀중-부산정보고-동아대
55995,95,김태훈,NC,투수,2006-10-26,188,88,부평남초(부평구리틀)-동인천중-소래고
50902,68,김한별,NC,내야수,2001-01-18,177,85,효제초-선린중-배재고
68912,25,김형준,NC,포수,1999-11-02,187,98,가동초-세광중-세광고-NC-상무
54959,,김휘건,NC,투수,2005-08-27,191,105,소양초-춘천중-휘문고
51344,44,김휘집,NC,내야수,2002-01-01,180,92,양목초(히어로즈리틀)-대치중-신일고-키움
53914,110,노재원,NC,투수,2001-07-26,179,93,중대초-배명중-배명고
54944,24,데이비슨,NC,내야수,1991-03-26,190,104,미국 Yucaipa(고)
66965,16,도태훈,NC,내야수,1993-03-18,184,85,양정초-개성중-부산고-동의대-NC-상무
55903,3,라일리,NC,투수,1996-07-09,190,100,미국 Louisville(대)
55912,12,로건,NC,투수,1997-05-23,186,105,미국 IMG Academy(고)
65949,41,류진욱,NC,투수,1996-10-10,189,88,양정초-개성중-부산고
53973,20,목지훈,NC,투수,2004-05-11,181,83,효제초-청량중-신일고
79215,37,박건우,NC,외야수,1990-09-08,184,80,역삼초-서울이수중-서울고-두산-경찰-두산
52994,111,박동수,NC,투수,1999-05-24,177,85,서울학동초-서울경원중-덕수고-고려대-NC-상무
62907,2,박민우,NC,내야수,1993-02-06,185,80,마포초(용산구리틀)-선린중-휘문고
52980,102,박성재,NC,포수,2003-03-21,179,85,가고파초(창원리틀)-마산동중-용마고-상무
62244,10,박세혁,NC,포수,1990-01-09,181,86,수유초-신일중-신일고-고려대-두산-상무-두산
50996,53,박시원,NC,외야수,2001-05-30,185,85,광주서림초-광주동성중-광주제일고
50906,39,박영빈,NC,외야수,1997-07-16,182,88,호원초(의정부리틀)-청량중-충암고-경희대
54911,112,박인우,NC,내야수,2001-12-14,177,80,배봉초(군포시리틀)-청량중-배명고-용인예술과학대
69900,113,박주찬,NC,내야수,1996-01-11,178,84,동막초-경포중-강릉고-동아대
68097,67,박주현,NC,투수,1999-08-03,184,85,철산초(광명리틀)-영동중-충암고-KT
69994,114,박지한,NC,투수,2000-10-21,185,90,동일중앙초-부산중-개성고
53992,,박한결,NC,외야수,2004-04-26,181,90,본리초-경복중-경북고-NC-상무
64995,61,배재환,NC,투수,1995-02-24,186,95,가동초-잠신중-서울고-NC-상무
53999,,서동욱,NC,투수,2004-02-26,177,80,신천초(송파구리틀)-대치중-신일고
66068,58,서의태,NC,투수,1997-09-05,194,115,묵동초(남양주리틀)-청량중-경기고-KT-히어로즈-키움
52906,,서준교,NC,내야수,2003-05-23,181,83,거제제산초(거제리틀)-외포중-김해고
69995,5,서호철,NC,내야수,1996-10-16,179,85,순천남산초-순천이수중-효천고-동의대-NC-상무
67962,50,소이현,NC,투수,1999-02-09,185,93,서울이수초-서울이수중-서울디자인고
54904,46,손주환,NC,투수,2002-01-05,177,85,영천초-신정중-물금고-동아대
69203,8,송승환,NC,외야수,2000-10-28,183,93,신기초(금천구리틀)-양천중-서울고-두산
55917,117,신민우,NC,포수,2006-08-13,181,88,김해우암초(김해리틀)-내동중-마산고
68902,18,신민혁,NC,투수,1999-02-04,184,95,염강초(강서구리틀)-매향중-야탑고
53989,118,신성호,NC,내야수,2003-09-28,178,76,김해삼성초-내동중-마산고
53919,43,신영우,NC,투수,2004-04-21,182,84,센텀초-센텀중-경남고
53991,,신용석,NC,포수,2003-10-11,181,91,양덕초-마산동중-마산고-NC-상무
59377,,"신재인
",NC,내야수,,,,
50901,38,안인산,NC,내야수,2001-02-27,181,95,군포오금초(안양시리틀)-평촌중-야탑고
64022,1,안중열,NC,포수,1995-09-01,176,87,가야초-개성중-부산고-(영남사이버대)-KT-롯데-상무-롯데
55920,120,양가온솔,NC,외야수,2006-02-24,182,79,진북초-전라중-인상고
68904,34,오영수,NC,내야수,2000-01-30,178,93,사파초-창원신월중-용마고-NC-상무
51991,105,오장한,NC,외야수,2002-05-20,183,95,희망대초-매향중-장안고-NC-상무
51996,6,오태양,NC,내야수,2002-04-25,180,78,방배초-대치중-청원고-NC-상무
54906,56,원종해,NC,투수,2005-04-09,183,83,길동초-건대부중-장충고
55925,125,유재현,NC,내야수,2005-10-17,182,76,길동초-홍은중-경기상고
59380,,윤서현,NC,투수,,,,
55997,97,이세민,NC,투수,2005-08-08,187,100,칠성초-경복중-대구상원고
77211,45,이용찬,NC,투수,1989-01-02,185,85,신원초-양천중-장충고-두산-상무-두산
63260,55,이우성,NC,외야수,1994-07-17,182,95,대전유천초-한밭중-대전고-두산-상무-두산-NC-KIA
60263,51,이재학,NC,투수,1990-10-04,181,84,대구옥산초-경복중-대구고-두산
52992,40,이준혁,NC,투수,2003-06-30,184,87,용인포곡초(처인구리틀)-성일중-율곡고-NC
52907,122,이한,NC,내야수,2003-08-25,181,83,안산해양초(안산리틀)-수원북중-유신고-NC
59368,,이희성,NC,포수,,,,
54900,28,임상현,NC,투수,2005-07-16,184,89,김천신일초(김천시리틀)-상원중-대구상원고
63959,13,임정호,NC,투수,1990-04-16,188,90,성동초-잠신중-신일고-성균관대-NC-상무
52902,19,임지민,NC,투수,2003-10-11,185,82,가평목동초(가평리틀)-춘천중-강원고
50900,124,임형원,NC,투수,2001-09-15,183,73,시흥계수초(소사리틀)-동산중-인천고
55993,93,장창훈,NC,내야수,2000-05-22,176,70,강남초-개군중-설악고-강릉영동대
69204,47,전루건,NC,투수,2000-06-09,185,80,도신초-충암중-부천고-두산
69969,57,전사민,NC,투수,1999-07-06,194,85,연서초(부산동래구리틀)-대신중-부산정보고-NC-상무
50995,121,정구범,NC,투수,2000-06-16,183,71,경동초(성동구리틀)-건대부중-덕수고
53995,133,정주영,NC,투수,2004-06-18,184,97,대구장기초(대구달서구리틀)-경운중-경북고
52903,64,조민석,NC,투수,1998-12-21,180,83,천안남산초-천안북중-부천고-원광대-NC-상무
55927,127,조창연,NC,외야수,2006-04-07,185,90,천안남산초-장충중-장충고
54907,,조현민,NC,내야수,2005-03-23,181,83,정수초(성북구리틀)-서울이수중-충암고
52908,129,조효원,NC,내야수,1999-03-10,180,87,공주중동초-온양중-공주고-원광대
67905,23,천재환,NC,외야수,1994-04-01,181,83,대전신흥초-공주중-화순고-고려대
68909,130,최보성,NC,내야수,1998-10-16,181,88,진해장복초(진해리틀)-외포중-개성고
66920,26,최성영,NC,투수,1997-04-28,180,85,영랑초-설악중-설악고-NC-상무
59379,,최요한,NC,투수,,,,
54903,48,최우석,NC,투수,2005-03-31,190,90,서흥초-동인천중-비봉고
66606,31,최원준,NC,외야수,1997-03-23,178,85,연현초-서울경원중-서울고-KIA-상무-KIA
55913,131,최윤혁,NC,투수,2004-01-07,185,93,강릉율곡초-경포중-강릉고-강릉영동대
69992,14,최정원,NC,내야수,2000-06-24,176,70,서원초-청주중-청주고-NC-상무
68639,29,하준영,NC,투수,1999-09-06,182,79,서울이수초-성남중-성남고-KIA
64101,33,한석현,NC,외야수,1994-05-17,181,73,후암초-대천중-경남고-LG
53006,99,강건,KT,투수,2004-07-12,183,85,원일초(영통구리틀)-매향중-장안고
69064,5,강민성,KT,내야수,1999-12-08,180,85,대구옥산초-경상중-경북고
68050,50,강백호,KT,포수,1999-07-29,184,98,부천북초-서울이수중-서울고
50066,55,강현우,KT,포수,2001-04-13,180,90,원종초(부천시리틀)-부천중-유신고
64001,1,고영표,KT,투수,1991-09-16,187,88,광주대성초-광주동성중-화순고-동국대
51003,52,권동진,KT,내야수,1998-09-12,178,83,제주신광초-세광중-세광고-원광대-KT-상무
52003,115,권성준,KT,투수,2003-03-09,185,88,대구옥산초-경복중-경북고
51005,0,김건형,KT,외야수,1996-07-12,182,83,먼우금초-Lesbois(중)-Timberline(고)-Boise State(대)
55040,40,김동현,KT,투수,2006-01-21,193,97,신천초(고양덕양구리틀)-잠신중-서울고
54097,97,김민석,KT,포수,2005-07-22,181,93,창영초-동인천중-제물포고
65048,26,김민수,KT,투수,1992-07-24,188,80,청원초-청원중-청원고-성균관대-KT-상무
64004,53,김민혁,KT,외야수,1995-11-21,181,71,광주서석초-배재중-배재고-KT-상무
52002,57,김병준,KT,외야수,2003-07-03,175,80,창촌초(안산리틀)-안산중앙중-유신고
79402,7,김상수,KT,내야수,1990-03-23,175,68,대구옥산초-경복중-경북고-삼성
55043,43,김재원,KT,투수,2006-08-21,190,90,서울청구초-홍은중-장충고
51299,98,김주완,KT,투수,1999-10-07,180,77,송정동초-무등중-청담고-동강대-두산
68906,9,김철호,KT,내야수,1998-02-06,182,87,서화초-재능중-율곡고
66064,20,김태오,KT,투수,1997-07-29,183,84,연현초-양천중-서울고-KT-상무
67025,,로하스,KT,외야수,1990-05-24,189,102,미국 Wabash Valley(대)-KT
50007,113,문상준,KT,내야수,2001-03-14,183,80,가동초-휘문중-휘문고
64007,24,문상철,KT,내야수,1991-04-06,184,85,중대초-잠신중-배명고-고려대-KT-상무
67419,18,문용익,KT,투수,1995-02-04,178,93,덕양초-양천중-청원고-세계사이버대-삼성
55046,46,박건우,KT,투수,2006-11-28,182,95,서울행당초(성동구유소년야구단)-충암중-충암고
69056,2,박민석,KT,내야수,2000-04-13,180,77,성동초-덕수중-장충고
55004,104,박민석,KT,외야수,2006-07-27,178,83,남정초-건대부중-덕수고
52060,60,박영현,KT,투수,2003-10-11,183,91,부천북초-부천중-유신고
55002,102,박준혁,KT,투수,2006-03-10,178,84,서울대왕초(강남구리틀)-휘문중-휘문고
54009,,박태완,KT,내야수,2005-09-04,173,77,중동초(부천시리틀)-부천중-유신고
64166,27,배정대,KT,외야수,1995-06-12,185,80,도신초-성남중-성남고-(디지털문예대)-LG-KT-경찰
65516,19,배제성,KT,투수,1996-09-29,190,90,백마초-성남중-성남고-롯데-KT-상무
55012,112,서영준,KT,투수,2002-08-27,175,78,현암초(용인수지리틀)-성남성일중-백송고-홍익대
50109,15,성재헌,KT,투수,1997-12-22,175,82,도신초-성남중-성남고-연세대-LG
50030,30,소형준,KT,투수,2001-09-16,189,92,호암초(의정부리틀)-구리인창중-유신고
69041,41,손동현,KT,투수,2001-01-23,183,88,염창초(강서구리틀)-덕수중-성남고-KT-상무
53057,105,손민석,KT,내야수,2004-06-21,177,70,감천초-개성중-경남고
64012,28,송민섭,KT,외야수,1991-08-02,177,80,청파초(안산리틀)-선린중-선린인터넷고-단국대-KT-상무
55013,3,스티븐슨,KT,외야수,1994-06-01,,,
51057,62,신범준,KT,외야수,2002-06-01,189,78,원일초(수원영통구리틀)-매향중-장안고
54007,,신호준,KT,외야수,2004-10-21,186,90,백마초-포항중-경주고
67006,8,안치영,KT,외야수,1998-05-29,176,72,중동초(원미구리틀)-천안북중-북일고
52001,23,안현민,KT,외야수,2003-08-22,183,90,임호초(김해리틀)-개성중-마산고
55005,25,오서진,KT,내야수,2006-02-22,188,80,수원신곡초-수원북중-유신고
50859,47,오원석,KT,투수,2001-04-23,182,80,수진초-매송중-야탑고-SK-SSG
64504,4,오윤석,KT,내야수,1992-02-24,180,87,화중초-자양중-경기고-연세대-롯데-상무-롯데
75334,36,오재일,KT,내야수,1986-10-29,187,95,인창초(구리리틀)-구리인창중-야탑고-현대-상무-히어로즈-두산-삼성
73117,12,우규민,KT,투수,1985-01-21,184,75,성동초-휘문중-휘문고-LG-경찰-LG-삼성
52006,94,우종휘,KT,투수,2003-12-15,187,90,길동초-휘문중-휘문고
54063,63,원상현,KT,투수,2004-10-16,183,83,가산초(부산진구리틀)-개성중-부산고
51013,67,유준규,KT,외야수,2002-08-16,176,69,군산신풍초-군산중-군산상고
68801,101,유호식,KT,투수,1999-05-11,190,104,서울청구초-덕수중-성남고-SK-SSG
54064,,육청명,KT,투수,2005-07-18,186,90,강남초-선린중-강릉고
55007,107,윤상인,KT,투수,2004-04-01,183,80,서울도곡초-언북중-신일고-동원과학기술대
50092,35,윤준혁,KT,내야수,2001-07-26,186,86,역촌초(은평구리틀)-충암중-충암고
69054,37,이상동,KT,투수,1995-11-24,181,88,대구옥산초-경복중-경북고-영남대
52063,48,이상우,KT,투수,2003-10-14,190,95,연현초-수원북중-유신고
69068,61,이선우,KT,투수,2000-09-19,186,90,수진초-매송중-유신고
54012,90,이승언,KT,투수,2005-03-04,186,95,한일초(장안구리틀)-수일중-장안고
55009,109,이승준,KT,내야수,2006-02-01,170,65,진말초(와이번스리틀)-소래중-장안고
54011,96,이승현,KT,포수,2005-01-26,184,90,비전초(평택리틀)-개군중-북일고
55006,106,이용현,KT,내야수,2006-01-06,188,85,평택부용초(안성시리틀)-평택청담중-강릉고
67048,21,이정현,KT,투수,1997-12-05,188,93,무학초-마산동중-용마고
55003,103,이정환,KT,포수,2006-04-12,182,90,수원신곡초-매향중-안산공고
67644,33,이정훈,KT,외야수,1994-12-07,185,90,교문초-배재중-휘문고-경희대-KIA-상무-KIA-롯데
67066,66,이종혁,KT,투수,1997-05-29,190,86,대구옥산초-경복중-대구고
53005,95,이준명,KT,투수,2002-12-18,193,100,정목초(강서구리틀)-덕수중-성남고-동의대(얼리 드래프트)
68896,17,이채호,KT,투수,1998-11-23,185,85,동광초(김해시리틀)-원동중-용마고-SK-SSG
69623,45,이태규,KT,투수,2000-02-21,188,72,희망대초-매향중-장안고-KIA
54014,49,이현민,KT,투수,2001-10-13,185,86,방화초(김포중앙리틀)-원당중-구리인창고
68504,34,이호연,KT,내야수,1995-06-03,177,87,광주수창초-진흥중-광주제일고-성균관대-롯데
69113,14,임준형,KT,투수,2000-11-16,180,87,광주서석초-진흥중-진흥고-LG-상무-LG
55010,110,장민호,KT,투수,2002-07-05,180,85,둔촌초-배재중-배재고-동국대
78548,22,장성우,KT,포수,1990-01-17,187,100,감천초-경남중-경남고-롯데-경찰-롯데
64115,56,장준원,KT,내야수,1995-11-21,183,77,경운초(김해시리틀)-개성중-경남고-LG
66706,51,장진혁,KT,외야수,1993-09-30,184,90,광주화정초-충장중-광주제일고-단국대-한화
69047,29,전용주,KT,투수,2000-02-12,188,87,양진초(안성시리틀)-성일중-안산공고
55008,108,정영웅,KT,외야수,1999-12-25,171,75,광주화정초-무등중-광주제일고-원광대
55011,111,정운교,KT,투수,2002-05-27,181,90,강릉중앙초-경포중-설악고-건국대
52007,116,정정우,KT,투수,2004-01-13,185,83,활천초(김해리틀)-내동중-용마고
68089,42,조대현,KT,포수,1999-08-06,183,81,길동초-매송중-유신고
64768,54,조이현,KT,투수,1995-06-27,185,95,송정동초-배재중-제주고-한화-SK-상무-SK-SSG
65060,38,주권,KT,투수,1995-05-31,181,82,청주우암초-청주중-청주고
51060,39,지명성,KT,투수,2002-02-15,173,65,의정부청룡초(의정부리틀)-배명중-신일고
79140,16,최동환,KT,투수,1989-09-19,184,83,인헌초-선린중-경동고-LG
52008,100,최동희,KT,외야수,2003-07-26,184,80,연지초(노원구리틀)-상명중-장충고
51007,31,최성민,KT,외야수,2002-07-05,179,84,송정동초-무등중-광주동성고
50650,92,최용준,KT,투수,2001-12-19,192,105,양산신양초(양산구리틀)-경남중-부산공고-KIA
69032,,쿠에바스,KT,투수,1990-10-14,188,98,베네수엘라 Carabobo(대)-KT
55032,32,패트릭,KT,투수,1995-06-10,196,96,미국 Hamilton(고)
52065,93,한지웅,KT,투수,2003-07-07,189,82,대정초(인천시리틀)-상인천중-인천고
51058,59,한차현,KT,투수,1998-11-30,180,80,사능초(남양주리틀)-청원중-포항제철고-성균관대
79240,13,허경민,KT,내야수,1990-08-26,176,69,송정동초-충장중-광주제일고-두산-경찰-두산
54354,65,헤이수스,KT,투수,1996-12-10,192,104,베네수엘라 Juanita Hernandez(고)-키움
76313,10,황재균,KT,내야수,1987-07-28,183,96,사당초-서울이수중-경기고-현대-히어로즈-롯데-샌프란시스코
55532,32,감보아,롯데,투수,1997-01-17,185,92,미국 Fresno City(대)
54567,,강성우,롯데,내야수,2005-04-12,182,77,대전유천초-한밭중-청주고-롯데-상무
54506,39,강승구,롯데,포수,2003-10-19,180,83,동막초-상인천중-제물포고-강릉영동대
69517,2,고승민,롯데,내야수,2000-08-11,189,92,군산신풍초-천안북중-북일고
63543,22,구승민,롯데,투수,1990-06-12,182,86,동일초(도봉구리틀)-청원중-청원고-홍익대-롯데-상무
65522,19,김강현,롯데,투수,1995-02-27,177,84,고명초-청원중-청원고
53540,125,김기준,롯데,투수,2004-04-16,188,90,대해초-대구중-경북고
54511,100,김대현,롯데,외야수,2003-11-15,176,84,광주서림초-광주충장BC-광주제일고-부산과학기술대
68585,124,김도규,롯데,투수,1998-07-11,192,118,고봉초-충암중-안산공고
69592,121,김동규,롯데,내야수,1999-04-08,185,85,안일초(안양시리틀)-현도중-포항제철고
52504,50,김동혁,롯데,외야수,2000-09-15,177,77,서화초-상인천중-제물포고-강릉영동대
55502,64,김동현,롯데,외야수,2004-12-30,185,100,인천병방초(인천서구리틀)-재능중-제물포고-부산과학기술대
77564,16,김민성,롯데,내야수,1988-12-17,181,94,고명초-잠신중-덕수정보고-(영남사이버대)-롯데-히어로즈-키움-LG
76430,24,김상수,롯데,투수,1988-01-02,180,88,신자초(자이언츠리틀)-자양중-신일고-(방송통신대)-삼성-상무-키움-SK-SSG
52514,4,김세민,롯데,내야수,2003-06-14,183,78,강릉중앙초-하슬라중-강릉고
62528,34,김원중,롯데,투수,1993-06-14,192,96,학강초-광주동성중-광주동성고
51516,15,김진욱,롯데,투수,2002-07-05,185,90,수원신곡초-춘천중-강릉고
51586,132,김창훈,롯데,투수,2001-11-09,185,98,사파초-창원신월중-경남고
55507,107,김태균,롯데,투수,2006-07-31,191,97,(부산동래구리틀)-대신중-경남고
55566,66,김태현,롯데,투수,2005-11-16,185,87,광주서림초-진흥중-광주제일고
59383,,김한홀,롯데,외야수,,,,
55501,101,김현우,롯데,투수,2006-03-18,183,90,수지초(분당로열스리틀)-여강중-야탑고
67539,43,나균안,롯데,투수,1998-03-16,186,109,무학초-창원신월중-용마고
51551,51,나승엽,롯데,내야수,2002-02-15,190,82,남정초-선린중-덕수고-롯데-상무
62931,52,노진혁,롯데,내야수,1989-07-15,184,80,광주대성초-광주동성중-광주동성고-성균관대-NC-상무-NC
55536,,데이비슨,롯데,투수,1996-03-25,188,97,미국 Midland(대)-롯데
54529,29,레이예스,롯데,외야수,1994-10-05,196,87,베네수엘라 Dr Felipe Guevara(고)
53597,129,박건,롯데,외야수,2002-04-25,185,90,강진북초-나주세지중-광주동성고-부산과학기술대
55509,48,박건우,롯데,포수,2003-02-01,183,92,성동초-건대부중-장충고-고려대
50563,117,박로건,롯데,투수,2001-08-27,186,88,군산중앙초-청원중-전주고
64021,21,박세웅,롯데,투수,1995-11-30,182,85,대구경운초-경운중-경북고-KT
66047,41,박세진,롯데,투수,1997-06-27,178,93,본리초-경운중-경북고-KT
55568,68,박세현,롯데,투수,2006-01-21,183,88,중화초(중랑구리틀)-상명중-배명고
62802,53,박승욱,롯데,내야수,1992-12-04,184,83,칠성초-경복중-대구상원고-SK-KT
60559,25,박시영,롯데,투수,1989-03-10,181,92,축현초-인천신흥중-제물포고-(영남사이버대)-롯데-KT
69507,120,박영완,롯데,투수,2000-07-22,183,85,양덕초-마산동중-대구고
55563,63,박재엽,롯데,포수,2006-01-23,184,92,부산대연초-개성중-부산고
54503,58,박준우,롯데,투수,2005-05-27,190,94,상동초(부천시리틀)-부천중-유신고
55508,108,박지훈,롯데,내야수,2002-05-14,176,75,서흥초-동산중-동산고-송원대
69594,44,박진,롯데,투수,1999-04-02,182,106,부산대연초-부산중-부산고
63512,40,박진형,롯데,투수,1994-06-10,181,77,영랑초-경포중-강릉고
55530,60,박찬형,롯데,내야수,2002-10-17,175,78,중대초-언북중-배재고
52528,,반즈,롯데,투수,1995-10-01,189,91,미국 Clemson(대)-롯데
54504,122,배세종,롯데,투수,2001-12-01,190,108,부림초(안양시리틀)-충암중-충암고-동아대
53598,127,배인혁,롯데,내야수,2004-01-29,170,70,새빛초(용인수지구리틀)-동인천중-인천고
54507,62,백두산,롯데,포수,2001-05-20,180,95,부산수영초-대천중-개성고-동의대
55526,26,벨라스케즈,롯데,투수,1992-06-07,190,95,미국 Garey(고)
53569,,서동욱,롯데,포수,2000-03-24,175,88,순천남산초-순천이수중-순천효천고BC-홍익대
53560,133,석상호,롯데,투수,2000-04-14,182,102,효제초-덕수중-청원고-고려대-롯데
51528,28,손성빈,롯데,포수,2002-01-14,186,92,희망대초-경기신흥중-장안고-롯데-상무
50150,33,손호영,롯데,내야수,1994-08-23,182,88,의왕부곡초-평촌중-충훈고-LG
51594,59,송재영,롯데,투수,2002-06-20,181,84,수원잠원초(수원영통구리틀)-매향중-라온고-롯데-상무
68067,12,신병률,롯데,투수,1996-01-30,175,82,둔촌초-잠신중-휘문고-단국대-KT
69508,3,신윤후,롯데,내야수,1996-01-05,177,77,무학초-마산중-마산고-동의대
64017,23,심재민,롯데,투수,1994-02-18,182,92,장유초(김해엔젤스리틀)-개성중-개성고-(전남과학대)-KT
52565,123,엄장윤,롯데,포수,2003-10-07,179,78,사직초(부산동래구리틀)-사직중-부경고
55514,114,오창현,롯데,외야수,2002-05-21,165,65,서울자운초(노원구리틀)-자양중-신일고-중앙대
61102,27,유강남,롯데,포수,1992-07-15,182,88,청원초-휘문중-서울고-LG-상무-LG
55512,,유태웅,롯데,내야수,2002-03-13,175,77,효제초-홍은중-성남고-동의대
52591,91,윤동희,롯데,외야수,2003-09-18,187,85,현산초-대원중-야탑고
67588,55,윤성빈,롯데,투수,1999-02-26,197,90,동일중앙초-경남중-부산고
53505,126,윤수녕,롯데,외야수,2000-03-01,173,73,대전신흥초-한밭중-대전고-연세대
52530,37,이민석,롯데,투수,2003-12-10,189,95,부산수영초-대천중-개성고
51592,45,이병준,롯데,투수,2002-05-28,185,95,부산청동초(부산영도구리틀)-경남중-개성고
55513,,이상화,롯데,외야수,2002-03-25,181,87,포항대해초-포항제철중-포항제철고-강릉영동대
68529,47,이승헌,롯데,투수,1998-12-19,196,97,무학초-마산동중-용마고
55503,67,이영재,롯데,투수,2006-10-20,180,71,태봉초(의정부시유소년야구단)-신흥중-신흥고
50608,54,이인한,롯데,외야수,1998-12-24,183,95,광주대성초-심석중-강릉고-강릉영동대
51560,116,이주찬,롯데,내야수,1998-09-21,181,86,송수초(해운대리틀)-센텀중-경남고-동의대
55511,69,이태경,롯데,내야수,2002-11-24,176,77,광주송정동초-무등중-광주제일고-한일장신대
54598,30,이호준,롯데,내야수,2004-03-20,172,72,대구옥산초-대구경운중-대구상원고
68507,7,장두성,롯데,외야수,1999-09-16,176,75,축현초-재능중-동산고
53596,131,장세진,롯데,투수,2004-12-30,179,80,군산남초-군산중-군산상고
68205,13,전민재,롯데,내야수,1999-06-30,181,73,천안남산초-천안북중-대전고-두산
78513,8,전준우,롯데,외야수,1986-02-25,184,98,흥무초-경주중-경주고-건국대-롯데-경찰
68518,42,정보근,롯데,포수,1999-08-31,175,89,부산수영초-경남중-경남고
55515,115,정선우,롯데,투수,2002-06-12,173,80,관동초(김해시리틀)-개성중-마산고-동아대
68556,18,정성종,롯데,투수,1995-11-16,181,93,광주서석초-무등중-광주제일고-인하대-롯데-상무
51546,46,정우준,롯데,투수,2000-03-17,180,82,태랑초(남양주리틀)-청원중-서울고-강릉영동대-롯데-상무
68242,65,정철원,롯데,투수,1999-03-27,192,95,역북초-송전중-안산공고-두산
54537,57,정현수,롯데,투수,2001-05-10,180,84,부산대연초-부산중-부산고-송원대
60523,9,정훈,롯데,내야수,1987-07-18,180,85,양덕초-마산동중-용마고
53504,128,조경민,롯데,투수,2004-09-17,179,78,상원초-개군중-강릉고
55534,134,조민영,롯데,외야수,2005-03-24,,,
52516,5,조세진,롯데,외야수,2003-11-21,181,86,장안초(성남중원구리틀)-선린중-서울고-롯데-상무
55504,104,조영우,롯데,투수,2006-05-15,182,82,인천서림초-동산중-인천고
52558,,진승현,롯데,투수,2003-09-05,184,108,본리초-협성경복중-경북고-롯데-상무
76650,31,진해수,롯데,투수,1986-06-26,187,85,동삼초-경남중-부경고-KIA-상무-KIA-SK-LG
55505,,최민규,롯데,내야수,2004-02-23,173,74,광주수창초-충장중-광주제일고-부산과학기술대
68036,49,최이준,롯데,투수,1999-04-10,182,90,서울이수초-대치중-장충고-KT
50556,56,최준용,롯데,투수,2001-10-10,185,85,부산수영초-대천중-경남고
62884,14,최항,롯데,내야수,1994-01-03,183,88,대일초-매송중-유신고-SK-SSG
52560,118,하혜성,롯데,투수,2003-06-09,191,85,서울도곡초-언북중-덕수고
55506,35,한승현,롯데,외야수,2006-10-29,183,80,신양초(강동구리틀)-건대부중-장충고
52568,6,한태양,롯데,내야수,2003-09-15,181,76,역삼초-언북중-덕수고-롯데-상무
62363,1,한현희,롯데,투수,1993-06-25,182,98,동삼초-경남중-경남고-히어로즈-키움
68260,17,현도훈,롯데,투수,1993-01-13,188,95,풍양초(남양주리틀)-서울신일중-일본 교토고쿠사이고-일본 큐슈교리츠대-두
50596,38,홍민기,롯데,투수,2001-07-20,185,85,법동초-한밭중-대전고
50500,0,황성빈,롯데,외야수,1997-12-19,172,76,관산초-안산중앙중-소래고-경남대
54607,,강동훈,KIA,투수,2000-11-23,185,98,천안남산초-청주중-청주고-중앙대
54613,,강민제,KIA,내야수,2005-02-10,181,82,군산중앙초-군산중-군산상일고
52659,012,강병우,KIA,투수,2003-12-12,182,88,군산중앙초-배명중-배명고
67604,02,강이준,KIA,투수,1998-04-07,190,86,발산초-덕수중-구리인창고-KIA-상무
61353,57,고종욱,KIA,외야수,1989-01-11,184,83,역삼초-대치중-경기고-한양대-히어로즈-상무-히어로즈-SK-SSG
53609,0,곽도규,KIA,투수,2004-04-12,185,90,도척초-공주중-공주고
51640,020,권다결,KIA,포수,2002-01-23,187,94,중대초-잠신중-신일고
76225,43,김건국,KIA,투수,1988-02-02,183,86,한서초(서부리틀)-청량중-덕수고-두산-KT-롯데
55618,018,김경묵,KIA,투수,1999-05-07,183,88,남도초-경상중-대구상원고
66614,14,김규성,KIA,내야수,1997-03-08,185,88,갈산초-선린중-선린인터넷고
69620,53,김기훈,KIA,투수,2000-01-03,184,93,광주수창초-무등중-광주동성고-KIA-상무
60337,69,김대유,KIA,투수,1991-05-08,187,92,부산중앙초-부산중-부산고-히어로즈-SK-KT-LG
52605,5,김도영,KIA,내야수,2003-10-02,183,85,광주대성초-광주동성중-광주동성고
69745,60,김도현,KIA,투수,2000-09-15,183,87,길원초(동대문구리틀)-잠신중-신일고-한화
54614,,김두현,KIA,내야수,2003-04-25,178,80,수원신곡초-공주중-공주고-동원대-KIA-상무
69627,04,김민수,KIA,외야수,2000-04-05,186,87,부산수영초-경남중-경남고
54608,,김민재,KIA,투수,2003-07-08,188,85,효제초-청량중-신일고-동원과학기술대-KIA-상무
54645,49,김민주,KIA,투수,2002-09-08,182,85,서울청담초(성동구리틀)-건대부중-배명고-강릉영동대
63894,21,김사윤,KIA,투수,1994-06-08,182,90,광주화정초-무등중-화순고-SK-상무-SK-SSG
67610,35,김석환,KIA,외야수,1999-02-28,187,97,광주서석초-광주동성중-광주동성고
78603,3,김선빈,KIA,내야수,1989-12-18,165,77,화순초-화순중-화순고-KIA-상무
51604,016,김선우,KIA,포수,2001-01-18,175,90,상인천초-상인천중-강릉고-KIA-상무
53637,017,김세일,KIA,투수,2003-03-02,188,91,부산수영초-개성중-용마고
66492,24,김승현,KIA,투수,1992-07-09,180,105,노암초-경포중-강릉고-건국대-삼성-상무-삼성
68928,61,김시훈,KIA,투수,1999-02-24,188,95,양덕초-마산동중-마산고-NC
50613,045,김양수,KIA,투수,2001-01-23,184,80,천안남산초-천안북중-북일고
53619,010,김재현,KIA,내야수,2000-12-02,176,81,광주화정초-건대부중-경기고-송원대
55646,46,김정엽,KIA,투수,2006-04-18,185,96,부산수영초-개성중-부산고
78122,42,김태군,KIA,포수,1989-12-30,182,92,양정초-대동중-부산고-LG-NC-경찰-NC-삼성
55610,10,김태형,KIA,투수,2006-12-15,184,95,화순초-거원중-덕수고
69516,32,김현수,KIA,투수,2000-07-10,185,90,효제초-홍은중-장충고-롯데-KIA-상무
65653,27,김호령,KIA,외야수,1992-04-30,178,85,관산초-안산중앙중-군산상고-동국대-KIA-경찰
62947,47,나성범,KIA,외야수,1989-10-03,183,100,광주대성초-진흥중-진흥고-연세대-NC
55629,029,나연우,KIA,투수,2006-07-24,184,90,서울상일초-배재중-휘문고
54640,40,네일,KIA,투수,1993-02-08,193,83,미국 Alabama at Birmingham(대)
51645,30,박건우,KIA,투수,1998-06-03,193,97,다솜초-언북중-덕수고-고려대
50657,2,박민,KIA,내야수,2001-06-05,184,84,갈산초-성남중-야탑고-KIA-상무
52634,05,박상준,KIA,내야수,2001-08-21,178,104,석교초-세광중-세광고-강릉영동대
55636,36,박재현,KIA,외야수,2006-12-08,180,73,동막초-재능중-인천고
67609,15,박정우,KIA,외야수,1998-02-01,175,68,역삼초-언북중-덕수고
63638,31,박준표,KIA,투수,1992-06-26,181,93,송정동초-진흥중-중앙고-동강대-KIA-경찰
64646,1,박찬호,KIA,내야수,1995-06-05,178,72,신답초-건대부중-장충고
55637,67,박헌,KIA,외야수,2006-01-05,185,90,광주수창초-충장중-광주제일고
69727,29,변우혁,KIA,내야수,2000-03-18,185,100,일산초-현도중-북일고-한화-상무-한화
78168,58,서건창,KIA,내야수,1989-08-22,176,84,송정동초-충장중-광주제일고-LG-히어로즈-키움-LG
54610,65,성영탁,KIA,투수,2004-07-28,180,89,동주초(부산서구리틀)-개성중-부산고
52642,042,신명승,KIA,포수,2002-11-02,183,94,광주수창초-진흥중-진흥고
55659,59,양수호,KIA,투수,2006-09-09,187,82,보성초(대전중구리틀)-공주중-공주고
77637,54,양현종,KIA,투수,1988-03-01,183,91,학강초-광주동성중-광주동성고-KIA-텍사스
55631,031,엄준현,KIA,내야수,2006-04-20,174,75,서울이수초-언북중-전주고
68330,08,예진원,KIA,외야수,1999-03-16,172,82,양정초-부산중-경남고-넥센-키움-상무-키움
50622,022,오규석,KIA,투수,2001-12-04,187,97,희망대초-휘문중-휘문고
69636,56,오선우,KIA,내야수,1996-12-13,186,95,성동초-자양중-배명고-인하대
68614,07,오정환,KIA,내야수,1999-03-27,185,85,강남초-자양중-경기고
55633,33,올러,KIA,투수,1994-10-17,193,102,미국 Northwestern State(대)
55645,45,위즈덤,KIA,내야수,1991-08-27,188,99,미국 Saint Mary's(대)
67640,50,유승철,KIA,투수,1998-03-02,184,87,순천북초-순천이수중-효천고
50604,4,유지성,KIA,투수,2000-11-15,189,94,수유초-자양중-북일고
52667,9,윤도현,KIA,내야수,2003-05-07,181,84,광주화정초-무등중-광주제일고
53613,13,윤영철,KIA,투수,2004-04-20,187,87,창서초(서대문구리틀)-충암중-충암고
68619,19,윤중현,KIA,투수,1995-04-25,180,84,광주서석초-무등중-광주제일고-성균관대
53615,66,이도현,KIA,투수,2005-01-07,188,90,가동초-휘문중-휘문고
54644,,이상준,KIA,포수,2005-12-13,182,105,서울도곡초-대치중-경기고
55632,6,이성원,KIA,투수,2006-05-18,184,90,호동초(화성B리틀)-안산중앙중-유신고
51668,014,이승재,KIA,투수,2000-10-04,182,82,잠신초(강남구리틀)-강남중-휘문고-강릉영동대
51605,09,이영재,KIA,외야수,2002-01-11,185,95,연현초-평촌중-유신고
51648,48,이의리,KIA,투수,2002-06-16,185,90,광주수창초-충장중-광주제일고
51602,011,이준범,KIA,내야수,2002-07-16,184,85,광주대성초-광주동성중-광주동성고
65665,20,이준영,KIA,투수,1992-08-10,177,85,군산남초-군산중-군산상고-중앙대-KIA-상무
64560,8,이창진,KIA,외야수,1991-03-04,173,85,신도초-동인천중-인천고-건국대-롯데-KT-상무-KT
62951,28,이형범,KIA,투수,1994-02-27,181,80,화순초-화순중-화순고-NC-경찰-NC-두산
55663,63,이호민,KIA,투수,2006-08-26,182,85,해남북일초(해남군리틀)-이평중-전주고
62754,17,임기영,KIA,투수,1993-04-16,184,86,대구수창초-경운중-경북고-한화-상무
55630,030,임다온,KIA,투수,2005-06-10,187,91,수택초(남양주리틀)-청량중-경기상고
51665,06,장민기,KIA,투수,2001-12-30,182,88,사파초-내동중-용마고-KIA-상무
51603,01,장시현,KIA,내야수,2001-12-21,178,75,서울도곡초-언북중-충암고
50641,38,장재혁,KIA,투수,2001-08-02,180,86,부산금강초-대신중-경남고
66609,51,전상현,KIA,투수,1996-04-18,182,88,남도초-경복중-대구상원고-KIA-상무
50662,62,정해영,KIA,투수,2001-08-23,189,98,광주대성초-광주동성중-광주제일고
53659,64,정해원,KIA,내야수,2004-05-21,185,87,제주신광초-덕수중-휘문고
55926,12,정현창,KIA,내야수,2006-07-14,177,70,김해부곡초-부산토현중-부산공고-NC
54667,,조대현,KIA,투수,2005-02-19,192,85,남정초-영남중-강릉고
63342,11,조상우,KIA,투수,1994-09-04,186,97,서화초-상인천중-대전고-히어로즈-키움
66354,22,주효상,KIA,포수,1997-11-11,183,95,역북초-강남중-서울고-히어로즈-키움
55628,028,최건희,KIA,투수,2002-07-09,183,70,가동초-덕수중-장충고-강릉영동대
65464,23,최정용,KIA,내야수,1996-10-24,179,84,서원초-세광중-세광고-삼성-SK-상무
52639,39,최지민,KIA,투수,2003-09-10,185,100,강릉율곡초(강릉리틀)-경포중-강릉고
72443,34,최형우,KIA,외야수,1983-12-16,180,106,진북초-전주동중-전주고-삼성-경찰-삼성
52628,037,한승연,KIA,외야수,2003-06-09,183,92,군산신풍초-군산중-전주고-상무
63722,26,한승택,KIA,포수,1994-06-21,174,83,잠전초(남양주리틀)-잠신중-덕수고-한화-경찰
51994,25,한재승,KIA,투수,2001-11-21,180,90,동막초-상인천중-인천고-NC
68646,55,한준수,KIA,포수,1999-02-13,184,95,광주서석초-광주동성중-광주동성고
69643,,홍원빈,KIA,투수,2000-10-16,195,101,안말초-강남중-덕수고-KIA
65610,52,황대인,KIA,내야수,1996-02-10,178,100,군산신풍초-자양중-경기고-KIA-상무
52641,41,황동하,KIA,투수,2002-07-30,183,96,진북초-전라중-인상고
59375,,황석민,KIA,내야수,,,,
52210,104,강동형,두산,외야수,1999-12-07,186,86,용인초(구리리틀)-마산중-배명고-경성대
63123,23,강승호,두산,내야수,1994-02-09,178,88,순천북초-천안북중-북일고-LG-경찰-LG-SK
51269,60,강현구,두산,외야수,2002-06-16,186,98,서울도림초(인천남동구리틀)-동산중-인천고
72523,35,고효준,두산,투수,1983-02-08,179,81,서원초-세광중-세광고-롯데-SK-KIA-롯데-LG-SSG
68220,47,곽빈,두산,투수,1999-05-28,187,95,서울학동초-자양중-배명고
50203,,권휘,두산,투수,2000-12-07,181,87,대림초-강남중-덕수고-두산
66112,45,김기연,두산,포수,1997-09-07,178,106,광주수창초-진흥중-진흥고-LG
69238,27,김대한,두산,외야수,2000-12-06,185,83,숭인초(강북구리틀)-덕수중-휘문고
51294,66,김도윤,두산,투수,2002-06-28,181,83,신도초(계룡시리틀)-현도중-청주고
52267,48,김동준,두산,내야수,2002-09-04,193,100,군산신풍초-군산중-군산상고
67246,46,김명신,두산,투수,1993-11-29,178,90,남도초-대구중-경북고-경성대
54215,,김무빈,두산,투수,2005-04-11,181,85,역삼초-대치중-신일고
68200,19,김민규,두산,투수,1999-05-07,183,90,장평초(광진구리틀)-잠신중-휘문고-두산-상무
53554,2,김민석,두산,외야수,2004-05-09,185,83,신도초-휘문중-휘문고-롯데
65269,10,김민혁,두산,내야수,1996-05-03,188,100,광주대성초-광주동성중-광주동성고
55225,124,김민호,두산,내야수,2002-02-08,180,76,화곡초-선린중-성남고-한양대
55216,97,김성재,두산,포수,2006-05-16,182,98,온곡초(남양주야놀유소년)-청원중-선린인터넷고
53262,20,김유성,두산,투수,2002-01-01,190,98,김해삼성초-내동중-김해고-고려대(얼리 드래프트)
63257,33,김인태,두산,외야수,1994-07-03,178,78,포항제철서초-천안북중-북일고-두산-경찰
74206,,김재호,두산,내야수,1985-03-21,181,75,남정초-중앙중-중앙고-두산-상무-두산
78224,32,김재환,두산,외야수,1988-09-22,183,90,영랑초-상인천중-인천고-두산-상무
68830,30,김정우,두산,투수,1999-05-15,183,87,소래초-동산중-동산고-SK-상무-SSG
55226,94,김준상,두산,내야수,2004-08-02,184,75,부천상일초(부천원미리틀)-모가중-유신고-동의과학대
55222,122,김지윤,두산,투수,2004-01-13,183,84,서흥초-인천신흥중-인천고-여주대
54217,,김태완,두산,투수,2005-03-29,184,87,문창초(금천구리틀)-강남중-선린인터넷고
54263,63,김택연,두산,투수,2005-06-03,181,88,동막초-상인천중-인천고
55221,95,김한중,두산,투수,2004-11-03,183,89,고명초-덕수중-경기상고-여주대
68269,56,김호준,두산,투수,1998-05-17,180,82,원주일산초-성남성일중-안산공고
69104,102,남호,두산,투수,2000-07-20,185,86,연천초-수원북중-유신고-LG
54219,11,류현준,두산,포수,2005-03-25,182,92,문정초(송파구리틀)-배재중-장충고
64468,14,박계범,두산,내야수,1996-01-11,177,84,순천북초-순천이수중-효천고-삼성-상무-삼성
55223,123,박민제,두산,투수,2003-10-20,190,98,무거초-원동중-대구상원고-동원과학기술대
53204,26,박민준,두산,포수,2002-10-21,183,95,아라초-마산동중-용마고-동강대
51298,15,박성재,두산,포수,2002-11-18,186,98,가산초-개성중-부산고-두산-상무
68249,49,박신지,두산,투수,1999-07-16,185,75,목암초(의정부리틀)-영동중-경기고-두산-상무
55220,120,박연준,두산,투수,2000-07-05,184,94,석교초-세광중-세광고-강릉영동대
50205,106,박웅,두산,투수,1997-11-12,192,103,북정초-원동중-경남고-강릉영동대
65639,12,박정수,두산,투수,1996-01-29,178,74,서울청구초-서울이수중-야탑고-KIA-경찰-KIA-NC
55252,52,박준순,두산,내야수,2006-07-13,180,80,배봉초(동대문구리틀)-청량중-덕수고
66928,16,박준영,두산,내야수,1997-08-05,180,90,서울도곡초(남양주리틀)-잠신중-경기고-NC
54213,4,박지호,두산,투수,2003-07-02,181,99,부성초(천안유소년리틀)-모가중-장안고-동강대
50204,37,박지훈,두산,내야수,2000-09-07,183,80,김해삼성초-경남중-마산고
67266,1,박치국,두산,투수,1998-03-10,177,78,인천숭의초-인천신흥중-제물포고
54216,,손율기,두산,외야수,2005-06-11,180,100,양덕초-마산동중-용마고
52294,127,신민철,두산,내야수,2003-01-13,185,90,가동초-휘문중-휘문고
51203,62,안재석,두산,내야수,2002-02-15,185,75,성내초(강동구리틀)-배재중-서울고
64153,53,양석환,두산,내야수,1991-07-15,185,90,백운초-신일중-신일고-동국대-LG-상무-LG
76232,25,양의지,두산,포수,1987-06-05,180,95,송정동초-무등중-진흥고-두산-경찰-두산-NC
55215,92,양재훈,두산,투수,2003-05-01,186,89,부산수영초-사직중-개성고-동의과학대
51200,100,양현진,두산,외야수,2002-01-03,191,86,길주초(안동시리틀)-포항중-영문고
54205,5,여동건,두산,내야수,2005-08-04,175,75,가동초-자양중-서울고
55218,118,연서준,두산,투수,2006-04-13,185,88,구리초-구리인창중-비봉고
50208,6,오명진,두산,내야수,2001-09-04,179,79,대전신흥초-한밭중-세광고
52202,65,윤태호,두산,투수,2003-10-10,190,88,상인천초-동인천중-인천고
69205,7,이교훈,두산,투수,2000-05-29,181,83,구리초(남양주리틀)-청원중-서울고
52209,107,이민석,두산,내야수,2001-11-01,182,88,강동초(해운대리틀)-센텀중-부산공고
52204,29,이병헌,두산,투수,2003-06-04,183,95,역삼초-영동중-서울고
55224,24,이선우,두산,내야수,2006-04-04,182,80,일산신일초(일산서구리틀)-충암중-충암고
64805,55,이승진,두산,투수,1995-01-07,186,86,수원신곡초-매송중-야탑고-상무-SK
66291,50,이영하,두산,투수,1997-11-01,192,91,영일초-강남중-선린인터넷고
67207,13,이유찬,두산,내야수,1998-08-05,175,68,동막초-천안북중-북일고-두산-상무
50262,43,이주엽,두산,투수,2001-03-26,188,90,서울이수초-성남중-성남고
55991,115,이한별,두산,내야수,2000-07-02,181,83,성동초-휘문중-휘문고-성균관대
54236,3,임종성,두산,내야수,2005-03-03,183,90,본리초-대구중-경북고
50244,44,장규빈,두산,포수,2001-04-21,186,98,갈산초-서울신월중-경기고
63202,22,장승현,두산,포수,1994-03-07,184,86,인천서림초-동산중-제물포고-두산-경찰
53267,126,장우진,두산,투수,2004-03-20,188,84,제주중앙초-천안북중-북일고
55239,39,잭로그,두산,투수,1996-04-23,183,84,미국 Archbishop Moeller(고)-미국 Kentucky(대)
54214,9,전다민,두산,외야수,2001-08-21,177,75,길동초-청원중-설악고-강릉영동대
79231,31,정수빈,두산,외야수,1990-10-07,175,70,수원신곡초-수원북중-유신고-두산-경찰
64202,102,정은재,두산,투수,1991-12-31,192,92,화곡초-덕수중-선린인터넷고
50211,93,제환유,두산,투수,2000-09-30,183,76,둔산초-공주중-공주고
66209,51,조수행,두산,외야수,1993-08-30,178,73,노암초-경포중-강릉고-건국대-두산-상무
50296,38,조제영,두산,투수,2001-02-12,182,89,양덕초-마산중-용마고
55217,117,주양준,두산,외야수,2006-04-09,188,85,부산화정초(부산북구리틀)-개성중-경남고
69093,125,지강혁,두산,내야수,2000-08-14,181,83,광주서석초-광주동성중-광주동성고-KT
52208,96,천현재,두산,외야수,1999-07-05,183,90,연제초(부산남구리틀)-신정중-부경고-성균관대
55268,68,최민석,두산,투수,2006-07-02,188,84,중대초-양천중-서울고
50298,109,최세창,두산,투수,2001-06-01,187,95,예원초-사직중-개성고
51264,28,최승용,두산,투수,2001-05-11,190,87,양오초-모가중-소래고
51564,108,최우인,두산,투수,2002-08-09,191,91,가동초-대치중-서울고
55219,119,최우혁,두산,외야수,2005-12-02,190,90,신곡초-매향중-라온고
67263,61,최원준,두산,투수,1994-12-21,182,91,수유초-신일중-신일고-동국대
50206,40,최종인,두산,투수,2001-05-01,185,84,해강초-센텀중-부산고
53259,41,최준호,두산,투수,2004-06-03,188,90,온양온천초-온양중-북일고
52206,42,최지강,두산,투수,2001-07-23,180,88,광주서석초-광주동성중-광주동성고-강릉영동대
68362,36,추재현,두산,외야수,1999-02-22,178,85,경수초(성동구리틀)-건대부중-신일고-히어로즈-키움-롯데-상무-롯데
55208,8,케이브,두산,외야수,1992-12-04,183,90,미국 Kecoughtan(고)
55257,57,콜어빈,두산,투수,1994-01-31,193,102,미국 Servite(고)-미국 Oregon(대)
55214,114,한다현,두산,내야수,2006-08-25,181,85,백문초-구리인창중-라온고
61643,17,홍건희,두산,투수,1992-09-29,187,97,화순초-화순중-화순고-KIA-상무-KIA
55267,67,홍민규,두산,투수,2006-09-11,183,87,서울논현초(용산구리틀)-대원중-야탑고
66233,34,홍성호,두산,외야수,1997-07-15,187,98,인헌초-선린중-선린인터넷고
55258,58,황희천,두산,투수,2006-11-06,190,93,부산수영초-개성중-충암고
62925,,강진성,키움,내야수,1993-10-19,176,89,가동초-잠신중-경기고-NC-경찰-NC-두산-SSG-키움
54344,44,고영우,키움,내야수,2001-06-21,173,80,부산대연초(사상구리틀)-대동중-경남고-성균관대
55371,71,권혁빈,키움,내야수,2005-11-04,185,75,칠성초-경상중-대구고
53312,12,김건희,키움,포수,2004-11-07,186,96,대전신흥초-온양중-원주고
53164,99,김동규,키움,투수,2004-07-09,194,100,서울청구초-영남중-성남고-LG
66838,38,김동엽,키움,외야수,1990-07-24,186,101,천안남산초-천안북중-북일고-SK-삼성
53344,47,김동헌,키움,포수,2004-07-15,182,91,영문초(영등포구리틀)-충암중-충암고
52398,103,김리안,고양,포수,2003-11-25,183,87,가동초-휘문중-휘문고
50304,23,김병휘,키움,내야수,2001-02-16,177,79,효제초-홍은중-장충고
55359,59,김서준,키움,투수,2006-12-22,187,83,고양화정초(일산서구리틀)-원당중-충훈고
66018,49,김선기,키움,투수,1991-09-01,187,98,석교초-세광중-세광고-상무-히어로즈
67828,8,김성민,키움,투수,1994-04-26,181,90,대구옥산초-경복중-대구상원고-일본경제대-SK-히어로즈
51301,100,김성진,고양,투수,1997-11-14,183,77,율하초-포항제철중-부산정보고-계명대
54368,68,김연주,키움,투수,2004-02-27,175,75,대전신흥초-충남중-세광고
65898,10,김웅빈,키움,내야수,1996-02-09,182,97,서라벌초-울산제일중-울산공고-히어로즈-상무
54319,19,김윤하,키움,투수,2005-03-07,185,90,와부초(남양주리틀)-덕수중-장충고
69367,67,김인범,키움,투수,2000-01-12,187,91,하남동부초(하남시리틀)-전라중-전주고-키움-상무
62332,32,김재현,키움,포수,1993-03-18,178,90,진북초-전라중-대전고-히어로즈-상무
54302,69,김주훈,고양,투수,2003-06-25,180,80,울산대현초-부산신정중-용마고-동원과학기술대
54397,65,김지성,고양,포수,2004-05-27,174,91,창영초-재능중-율곡고
64984,1,김태진,키움,내야수,1995-10-07,169,73,수유초-신일중-신일고-NC-경찰-NC-KIA
55322,,로젠버그,키움,투수,1995-07-09,186,90,미국 California State(대)-키움
55342,42,메르세데스,키움,투수,1994-03-08,188,82,도미니카 Colegio Nueva Esperanza(고)
54304,,박범준,키움,투수,2004-05-28,183,75,대전신흥초-한밭중-대전고
53305,56,박성빈,키움,포수,2004-04-21,177,94,한밭초(계룡시리틀)-충남중-대전고
52305,14,박수종,키움,외야수,1999-02-25,178,82,도신초-강남중-충암고-경성대
54350,80,박승호,고양,투수,2005-03-24,185,92,영등초(익산시리틀)-전라중-군산상일고
53301,35,박윤성,키움,투수,2004-02-08,183,96,부산수영초-개성중-경남고
55394,94,박정훈,키움,투수,2006-03-23,192,103,삼일초-매향중-비봉고
69328,0,박주성,키움,투수,2000-11-09,180,90,경동초(성동구리틀)-건대부중-경기고-키움-상무
50357,57,박주홍,키움,외야수,2001-04-16,187,87,자양초(하남시리틀)-건대부중-장충고
69363,75,박준형,고양,포수,1999-03-07,177,89,화순초-무등중-광주제일고
54303,79,박채울,고양,외야수,2004-11-20,185,86,부평초(인천서구리틀)-재능중-충암고
52392,84,백진수,고양,투수,2003-02-15,191,97,광주대성초-무등중-광주제일고
68305,9,변상권,키움,외야수,1997-04-04,180,80,인천서림초-상인천중-제물포고-인천재능대-히어로즈-키움-상무
53309,98,서유신,키움,내야수,2000-08-17,176,76,광주수창초-충장중-화순고-원광대
54363,63,손현기,키움,투수,2005-10-22,188,88,순천북초-순천이수중-전주고
55300,37,손힘찬,키움,투수,2002-07-17,191,88,화산초(수원영통구리틀)-현도중-세광고-동아대
65357,24,송성문,키움,내야수,1996-08-29,183,88,봉천초(용산구리틀)-홍은중-장충고-히어로즈-키움-상무
52391,,송정인,키움,투수,2003-05-05,187,84,화곡초-선린중-야탑고-키움
54394,86,송지후,키움,내야수,2005-01-08,175,74,광주수창초-진흥중-광주제일고
55326,,스톤,키움,외야수,1995-11-22,185,103,미국 George Ranch(고)-키움
54306,91,심휘윤,고양,내야수,2005-05-28,183,84,사당초-언북중-배재고
68341,41,안우진,키움,투수,1999-08-30,192,90,강남초-서울이수중-휘문고-히어로즈
69045,54,알칸타라,키움,투수,1992-12-04,193,100,도미니카 Liceo secundario Emma Balaguer(고)-KT-두산
51305,64,양경식,고양,내야수,2001-02-03,171,66,은봉초(인천남동구리틀)-동산중-제물포고
67365,55,양지율,키움,투수,1998-12-16,185,103,서울청구초-홍은중-장충고
55370,70,양현종,키움,내야수,2006-08-15,177,84,대구옥산초-협성경복중-대구고
55392,92,어준서,키움,내야수,2006-11-27,183,87,수유초-자양중-경기고
55393,93,여동욱,키움,내야수,2005-11-10,180,90,남도초-협성경복중-대구상원고
55339,39,염승원,키움,내야수,2006-03-20,180,78,고명초-휘문중-휘문고
53300,00,오상원,고양,투수,2004-07-21,184,82,서울온곡초(광진구리틀)-청원중-선린인터넷고
67116,31,오석주,키움,투수,1998-04-14,180,74,양정초-대천중-제주고-LG
78756,60,오선진,키움,내야수,1989-07-07,178,80,화곡초-성남중-성남고-한화-상무-한화-삼성-한화-롯데
55383,83,오혜성,고양,투수,2006-02-27,181,85,서래초(인천남동구리틀)-신흥중-제물포고
54307,33,원성준,키움,외야수,2000-03-31,181,80,고명초-서울이수중-경기고-성균관대
76118,46,원종현,키움,투수,1987-07-31,182,88,군산중앙초-군산중-군산상고-LG-경찰-NC
55348,,웰스,키움,투수,1997-02-27,185,84,호주 Hunter Sports(고)
52395,95,윤석원,키움,투수,2003-07-04,185,81,부산대연초-개성중-부산고
55396,96,윤현,키움,투수,2006-10-20,187,90,가동초-자양중-경기고
50036,11,이강준,키움,투수,2001-12-14,180,80,서당초-설악중-설악고-KT-롯데-키움-상무
69366,,이명기,고양,내야수,2000-01-03,186,105,광주대성초-충장중-광주동성고
53302,,이승원,키움,내야수,2004-07-02,185,75,도봉초(노원구리틀)-상명중-덕수고-키움-상무
67603,66,이승호,고양,투수,1999-02-08,187,95,김해삼성초-개성중-경남고-KIA-넥센
65964,102,이우석,고양,투수,1996-04-16,185,80,군산남초-군산남중-군산상고-NC-상무-NC
75566,17,이원석,키움,내야수,1986-10-21,181,82,학강초-광주동성중-광주동성고-(세민디지털대)-롯데-두산-상무-두산-삼성
54305,5,이재상,키움,내야수,2005-04-17,183,85,갈산초-성남중-성남고
50354,,이종민,키움,투수,2001-06-04,185,96,성동초-덕수중-성남고-키움-상무
50167,2,이주형,키움,외야수,2001-04-02,181,80,송수초(해운대리틀)-센텀중-경남고-LG
51302,58,이주형,키움,내야수,2002-07-05,183,105,이매초-매송중-야탑고-키움-상무
55301,21,이준우,키움,투수,2001-03-02,183,93,문현초(해운대리틀)-센텀중-경남고
54301,40,이태준,고양,투수,2005-11-27,183,80,배양초(화성동탄리틀)-안산중앙중-비봉고
78135,36,이형종,키움,외야수,1989-06-07,183,87,화곡초-양천중-서울고-LG
64346,6,임병욱,키움,외야수,1995-09-30,187,94,수원신곡초-배명중-덕수고-히어로즈-키움-상무
64340,29,임지열,키움,외야수,1995-08-22,180,94,대전신흥초-건대부중-덕수고-히어로즈-경찰
55382,82,임진묵,키움,투수,2006-04-23,181,85,천안청룡초-상명중-경기상고
51359,,장재영,키움,외야수,2002-05-10,187,83,갈산초-서울신월중-덕수고-키움-상무
77927,,장필준,키움,투수,1988-04-08,190,90,온양온천초-온양중-북일고-상무-삼성-키움
54362,62,전준표,키움,투수,2005-05-07,186,90,잠일초(강동구리틀)-잠신중-서울고
55397,97,전태현,키움,내야수,2006-03-02,180,82,양덕초-마산동중-용마고
55385,85,정동준,고양,투수,2002-01-14,183,90,동주초(부산서구리틀)-외포중-용마고-경남대
55377,77,정세영,키움,투수,2006-09-23,177,82,서울학동초-언북중-경기상고
55313,13,정현우,키움,투수,2006-04-13,181,91,홍제초(서대문구리틀)-충암중-덕수고
68848,43,조성훈,고양,투수,1999-03-22,188,85,응봉초(성동구리틀)-건대부중-청원고-SK-상무-SK-SSG
69360,20,조영건,키움,투수,1999-02-04,180,85,대전신흥초-충남중-백송고
69332,25,주성원,키움,외야수,2000-08-30,182,95,부산대연초(남구리틀)-부산신정중-개성고
52330,,주승우,키움,투수,2000-01-30,180,82,송추초(의정부리틀)-영동중-서울고-성균관대
76267,53,최주환,키움,내야수,1988-02-28,177,73,학강초-광주동성중-광주동성고-두산-상무-두산-SK-SSG
54444,4,카디네스,키움,외야수,1997-10-10,185,93,미국 California State(대)-삼성
52366,,푸이그,키움,외야수,1990-12-07,188,108,쿠바 EIEFD(대)-키움
64350,50,하영민,키움,투수,1995-05-07,183,74,광주수창초-진흥중-진흥고-히어로즈
53096,104,한민우,고양,투수,1999-04-27,177,82,동일중앙초-경남중-경남고
